Round,Abbreviation,FullName,TeamName,QualifyingIsEstimated,PredictedPosition,PredictedRank
16,LEC,Charles Leclerc,Ferrari,True,5.466260518799883,1
16,HAM,Lewis Hamilton,Ferrari,True,6.1077148385542035,2
16,ANT,Andrea Kimi Antonelli,Mercedes,True,6.533104562104563,3
16,NOR,Lando Norris,McLaren,True,7.125887598127506,4
16,RUS,George Russell,Mercedes,True,7.274344821844819,5
16,PIA,Oscar Piastri,McLaren,True,7.53674791770988,6
16,VER,Max Verstappen,Red Bull,True,8.298517267109554,7
16,HAD,Isack Hadjar,Red Bull,True,8.720444546221096,8
16,GAS,Pierre Gasly,Alpine F1 Team,True,9.44112221178175,9
16,COL,Franco Colapinto,Alpine F1 Team,True,10.86550026493616,10
16,LIN,Arvid Lindblad,RB F1 Team,True,11.1062418611726,11
16,HUL,Nico Hülkenberg,Audi,True,11.688955290927588,12
16,LAW,Liam Lawson,RB F1 Team,True,11.90767124368185,13
16,OCO,Esteban Ocon,Haas F1 Team,True,12.377492681698556,14
16,BOR,Gabriel Bortoleto,Audi,True,12.71983333900272,15
16,BEA,Oliver Bearman,Haas F1 Team,True,14.230496283070124,16
16,SAI,Carlos Sainz,Williams,True,14.912512560022154,17
16,ALB,Alexander Albon,Williams,True,15.485496840636866,18
16,BOT,Valtteri Bottas,Cadillac F1 Team,True,16.187136177819987,19
16,PER,Sergio Pérez,Cadillac F1 Team,True,16.207700756487515,20
16,ALO,Fernando Alonso,Aston Martin,True,17.6558108514579,21
16,STR,Lance Stroll,Aston Martin,True,18.740473295223296,22
