Round,EventName,Driver,LapNumber,Compound,LapTime_Seconds
1,Australian Grand Prix,ALB,35.0,SOFT,84.375
1,Australian Grand Prix,ALO,14.0,SOFT,85.713
1,Australian Grand Prix,ANT,56.0,HARD,82.417
1,Australian Grand Prix,BEA,21.0,HARD,84.02
1,Australian Grand Prix,BOR,44.0,HARD,83.257
1,Australian Grand Prix,BOT,7.0,HARD,87.364
1,Australian Grand Prix,COL,47.0,SOFT,82.926
1,Australian Grand Prix,GAS,55.0,HARD,84.486
1,Australian Grand Prix,HAD,8.0,MEDIUM,85.239
1,Australian Grand Prix,HAM,54.0,HARD,82.423
1,Australian Grand Prix,LAW,46.0,SOFT,83.783
1,Australian Grand Prix,LEC,37.0,HARD,82.579
1,Australian Grand Prix,LIN,20.0,HARD,84.182
1,Australian Grand Prix,NOR,52.0,MEDIUM,82.358
1,Australian Grand Prix,OCO,24.0,HARD,84.424
1,Australian Grand Prix,PER,46.0,SOFT,86.07
1,Australian Grand Prix,RUS,20.0,HARD,82.67
1,Australian Grand Prix,SAI,51.0,SOFT,83.59
1,Australian Grand Prix,STR,35.0,SOFT,85.41
1,Australian Grand Prix,VER,42.0,HARD,82.091
2,Chinese Grand Prix,ALO,25.0,HARD,99.721
2,Chinese Grand Prix,ANT,52.0,HARD,95.275
2,Chinese Grand Prix,BEA,56.0,HARD,96.429
2,Chinese Grand Prix,BOT,55.0,HARD,98.393
2,Chinese Grand Prix,COL,35.0,MEDIUM,96.783
2,Chinese Grand Prix,GAS,53.0,HARD,96.505
2,Chinese Grand Prix,HAD,46.0,HARD,97.311
2,Chinese Grand Prix,HAM,55.0,HARD,96.092
2,Chinese Grand Prix,HUL,38.0,MEDIUM,96.18
2,Chinese Grand Prix,LAW,56.0,HARD,97.096
2,Chinese Grand Prix,LEC,56.0,HARD,96.011
2,Chinese Grand Prix,LIN,46.0,MEDIUM,96.099
2,Chinese Grand Prix,OCO,54.0,SOFT,95.964
2,Chinese Grand Prix,PER,50.0,HARD,98.523
2,Chinese Grand Prix,RUS,56.0,HARD,95.4
2,Chinese Grand Prix,SAI,51.0,HARD,97.981
2,Chinese Grand Prix,STR,9.0,HARD,100.883
2,Chinese Grand Prix,VER,39.0,HARD,97.046
3,Japanese Grand Prix,ALB,51.0,MEDIUM,93.427
3,Japanese Grand Prix,ALO,47.0,MEDIUM,96.221
3,Japanese Grand Prix,ANT,49.0,HARD,92.432
3,Japanese Grand Prix,BEA,20.0,HARD,95.604
3,Japanese Grand Prix,BOR,40.0,HARD,94.164
3,Japanese Grand Prix,BOT,52.0,MEDIUM,96.269
3,Japanese Grand Prix,COL,41.0,HARD,94.512
3,Japanese Grand Prix,GAS,39.0,HARD,93.691
3,Japanese Grand Prix,HAD,53.0,HARD,93.837
3,Japanese Grand Prix,HAM,48.0,HARD,92.777
3,Japanese Grand Prix,HUL,47.0,HARD,93.732
3,Japanese Grand Prix,LAW,53.0,HARD,94.23
3,Japanese Grand Prix,LEC,53.0,HARD,92.634
3,Japanese Grand Prix,LIN,53.0,HARD,94.314
3,Japanese Grand Prix,NOR,52.0,HARD,93.208
3,Japanese Grand Prix,OCO,53.0,HARD,94.256
3,Japanese Grand Prix,PER,53.0,HARD,95.637
3,Japanese Grand Prix,PIA,49.0,HARD,92.996
3,Japanese Grand Prix,RUS,53.0,HARD,92.549
3,Japanese Grand Prix,SAI,38.0,HARD,94.514
3,Japanese Grand Prix,STR,29.0,MEDIUM,97.217
3,Japanese Grand Prix,VER,41.0,HARD,93.552
4,Miami Grand Prix,ALB,30.0,HARD,93.784
4,Miami Grand Prix,ALO,44.0,SOFT,93.512
4,Miami Grand Prix,ANT,34.0,HARD,91.968
4,Miami Grand Prix,BEA,28.0,HARD,93.744
4,Miami Grand Prix,BOR,55.0,HARD,93.5
4,Miami Grand Prix,BOT,16.0,SOFT,96.08
4,Miami Grand Prix,COL,33.0,HARD,93.035
4,Miami Grand Prix,GAS,4.0,MEDIUM,94.856
4,Miami Grand Prix,HAD,4.0,HARD,94.833
4,Miami Grand Prix,HAM,29.0,HARD,92.676
4,Miami Grand Prix,HUL,4.0,MEDIUM,94.523
4,Miami Grand Prix,LAW,3.0,MEDIUM,94.814
4,Miami Grand Prix,LEC,44.0,HARD,92.515
4,Miami Grand Prix,LIN,30.0,HARD,94.058
4,Miami Grand Prix,NOR,35.0,HARD,91.869
4,Miami Grand Prix,OCO,33.0,HARD,93.712
4,Miami Grand Prix,PER,31.0,HARD,94.895
4,Miami Grand Prix,PIA,30.0,HARD,91.949
4,Miami Grand Prix,RUS,53.0,HARD,92.446
4,Miami Grand Prix,SAI,30.0,HARD,93.026
4,Miami Grand Prix,STR,56.0,SOFT,94.716
4,Miami Grand Prix,VER,24.0,HARD,93.11
5,Canadian Grand Prix,ALB,11.0,SOFT,77.221
5,Canadian Grand Prix,ALO,10.0,SOFT,79.635
5,Canadian Grand Prix,ANT,68.0,MEDIUM,74.21
5,Canadian Grand Prix,BEA,64.0,MEDIUM,76.002
5,Canadian Grand Prix,BOR,50.0,MEDIUM,76.221
5,Canadian Grand Prix,BOT,59.0,MEDIUM,77.725
5,Canadian Grand Prix,COL,67.0,HARD,75.462
5,Canadian Grand Prix,GAS,67.0,HARD,75.39
5,Canadian Grand Prix,HAD,67.0,SOFT,74.578
5,Canadian Grand Prix,HAM,61.0,MEDIUM,74.573
5,Canadian Grand Prix,HUL,57.0,MEDIUM,76.275
5,Canadian Grand Prix,LAW,59.0,SOFT,75.604
5,Canadian Grand Prix,LEC,37.0,MEDIUM,75.297
5,Canadian Grand Prix,NOR,36.0,MEDIUM,75.845
5,Canadian Grand Prix,OCO,64.0,SOFT,76.577
5,Canadian Grand Prix,PER,37.0,SOFT,76.915
5,Canadian Grand Prix,PIA,61.0,SOFT,75.456
5,Canadian Grand Prix,RUS,16.0,SOFT,75.477
5,Canadian Grand Prix,SAI,65.0,MEDIUM,75.852
5,Canadian Grand Prix,STR,39.0,SOFT,78.721
5,Canadian Grand Prix,VER,68.0,MEDIUM,74.398
6,Monaco Grand Prix,ALB,78.0,SOFT,76.393
6,Monaco Grand Prix,ALO,77.0,SOFT,77.12
6,Monaco Grand Prix,ANT,76.0,SOFT,73.481
6,Monaco Grand Prix,BEA,22.0,HARD,78.475
6,Monaco Grand Prix,BOR,46.0,MEDIUM,76.803
6,Monaco Grand Prix,BOT,8.0,MEDIUM,80.494
6,Monaco Grand Prix,COL,74.0,SOFT,76.316
6,Monaco Grand Prix,GAS,77.0,SOFT,75.497
6,Monaco Grand Prix,HAD,77.0,SOFT,75.669
6,Monaco Grand Prix,HAM,74.0,SOFT,74.643
6,Monaco Grand Prix,HUL,15.0,HARD,76.332
6,Monaco Grand Prix,LAW,76.0,SOFT,75.754
6,Monaco Grand Prix,LEC,53.0,HARD,75.964
6,Monaco Grand Prix,LIN,76.0,SOFT,75.908
6,Monaco Grand Prix,NOR,34.0,MEDIUM,77.67
6,Monaco Grand Prix,OCO,77.0,SOFT,76.914
6,Monaco Grand Prix,PER,78.0,SOFT,76.891
6,Monaco Grand Prix,PIA,76.0,SOFT,75.816
6,Monaco Grand Prix,RUS,56.0,HARD,75.773
6,Monaco Grand Prix,SAI,51.0,MEDIUM,78.022
6,Monaco Grand Prix,STR,36.0,SOFT,78.845
7,Barcelona Grand Prix,ALB,54.0,SOFT,81.744
7,Barcelona Grand Prix,ALO,27.0,HARD,85.366
7,Barcelona Grand Prix,ANT,46.0,HARD,80.704
7,Barcelona Grand Prix,BEA,43.0,SOFT,82.419
7,Barcelona Grand Prix,BOR,55.0,SOFT,81.446
7,Barcelona Grand Prix,BOT,3.0,MEDIUM,85.745
7,Barcelona Grand Prix,COL,43.0,HARD,82.449
7,Barcelona Grand Prix,GAS,42.0,HARD,81.708
7,Barcelona Grand Prix,HAD,60.0,SOFT,80.15
7,Barcelona Grand Prix,HAM,44.0,HARD,80.122
7,Barcelona Grand Prix,HUL,2.0,SOFT,83.447
7,Barcelona Grand Prix,LAW,45.0,HARD,82.691
7,Barcelona Grand Prix,LEC,47.0,HARD,80.379
7,Barcelona Grand Prix,LIN,45.0,HARD,81.914
7,Barcelona Grand Prix,NOR,37.0,HARD,80.232
7,Barcelona Grand Prix,OCO,63.0,SOFT,81.643
7,Barcelona Grand Prix,PER,43.0,MEDIUM,82.82
7,Barcelona Grand Prix,PIA,46.0,HARD,80.835
7,Barcelona Grand Prix,RUS,43.0,HARD,80.64
7,Barcelona Grand Prix,SAI,58.0,MEDIUM,82.061
7,Barcelona Grand Prix,STR,3.0,HARD,85.904
7,Barcelona Grand Prix,VER,42.0,MEDIUM,80.23
8,Austrian Grand Prix,ALB,43.0,HARD,73.137
8,Austrian Grand Prix,ALO,52.0,SOFT,72.501
8,Austrian Grand Prix,ANT,59.0,HARD,70.374
8,Austrian Grand Prix,BEA,54.0,MEDIUM,72.207
8,Austrian Grand Prix,BOR,59.0,HARD,71.866
8,Austrian Grand Prix,BOT,1.0,MEDIUM,84.462
8,Austrian Grand Prix,COL,49.0,MEDIUM,71.795
8,Austrian Grand Prix,GAS,54.0,SOFT,71.466
8,Austrian Grand Prix,HAD,42.0,HARD,70.947
8,Austrian Grand Prix,HAM,45.0,HARD,70.946
8,Austrian Grand Prix,HUL,55.0,HARD,71.634
8,Austrian Grand Prix,LAW,55.0,MEDIUM,71.547
8,Austrian Grand Prix,LEC,67.0,SOFT,70.606
8,Austrian Grand Prix,LIN,56.0,MEDIUM,71.587
8,Austrian Grand Prix,NOR,55.0,HARD,70.652
8,Austrian Grand Prix,OCO,37.0,HARD,72.979
8,Austrian Grand Prix,PER,3.0,MEDIUM,74.448
8,Austrian Grand Prix,PIA,45.0,HARD,70.595
8,Austrian Grand Prix,RUS,49.0,HARD,70.683
8,Austrian Grand Prix,SAI,22.0,MEDIUM,73.694
8,Austrian Grand Prix,STR,30.0,SOFT,73.796
8,Austrian Grand Prix,VER,57.0,HARD,70.483
9,British Grand Prix,ALB,42.0,SOFT,93.867
9,British Grand Prix,ALO,50.0,SOFT,95.827
9,British Grand Prix,ANT,37.0,HARD,91.777
9,British Grand Prix,BEA,31.0,HARD,94.455
9,British Grand Prix,BOR,30.0,HARD,93.65
9,British Grand Prix,BOT,31.0,HARD,95.893
9,British Grand Prix,COL,25.0,HARD,94.281
9,British Grand Prix,GAS,44.0,HARD,94.179
9,British Grand Prix,HAD,40.0,MEDIUM,92.268
9,British Grand Prix,HAM,25.0,HARD,92.309
9,British Grand Prix,HUL,36.0,SOFT,93.433
9,British Grand Prix,LAW,45.0,HARD,93.648
9,British Grand Prix,LEC,43.0,HARD,92.871
9,British Grand Prix,LIN,29.0,HARD,93.632
9,British Grand Prix,NOR,45.0,MEDIUM,92.625
9,British Grand Prix,OCO,43.0,HARD,94.792
9,British Grand Prix,PER,44.0,HARD,95.52
9,British Grand Prix,PIA,42.0,MEDIUM,92.917
9,British Grand Prix,RUS,36.0,MEDIUM,92.489
9,British Grand Prix,SAI,51.0,SOFT,92.734
9,British Grand Prix,STR,41.0,HARD,97.232
9,British Grand Prix,VER,40.0,MEDIUM,92.101
10,Belgian Grand Prix,ALB,21.0,HARD,111.894
10,Belgian Grand Prix,ALO,34.0,HARD,112.948
10,Belgian Grand Prix,ANT,41.0,HARD,109.098
10,Belgian Grand Prix,BEA,22.0,HARD,111.109
10,Belgian Grand Prix,BOR,22.0,HARD,110.334
10,Belgian Grand Prix,BOT,35.0,SOFT,112.011
10,Belgian Grand Prix,COL,42.0,HARD,111.162
10,Belgian Grand Prix,GAS,39.0,HARD,111.101
10,Belgian Grand Prix,HAD,44.0,HARD,109.298
10,Belgian Grand Prix,HAM,33.0,HARD,109.454
10,Belgian Grand Prix,HUL,41.0,HARD,110.503
10,Belgian Grand Prix,LAW,44.0,HARD,111.075
10,Belgian Grand Prix,LEC,23.0,HARD,109.333
10,Belgian Grand Prix,LIN,23.0,HARD,110.536
10,Belgian Grand Prix,NOR,44.0,MEDIUM,108.89
10,Belgian Grand Prix,OCO,44.0,HARD,111.9
10,Belgian Grand Prix,PER,9.0,SOFT,113.477
10,Belgian Grand Prix,PIA,23.0,HARD,109.562
10,Belgian Grand Prix,SAI,24.0,HARD,111.363
10,Belgian Grand Prix,STR,21.0,SOFT,113.98
10,Belgian Grand Prix,VER,23.0,HARD,109.618
11,Hungarian Grand Prix,ALB,57.0,SOFT,85.403
11,Hungarian Grand Prix,ALO,57.0,SOFT,83.679
11,Hungarian Grand Prix,ANT,58.0,HARD,82.415
11,Hungarian Grand Prix,BEA,24.0,HARD,85.884
11,Hungarian Grand Prix,BOR,33.0,HARD,84.783
11,Hungarian Grand Prix,BOT,4.0,MEDIUM,87.959
11,Hungarian Grand Prix,COL,40.0,HARD,84.624
11,Hungarian Grand Prix,GAS,57.0,SOFT,82.871
11,Hungarian Grand Prix,HAD,45.0,HARD,83.218
11,Hungarian Grand Prix,HAM,59.0,SOFT,82.3
11,Hungarian Grand Prix,HUL,67.0,SOFT,83.964
11,Hungarian Grand Prix,LAW,64.0,SOFT,83.9
11,Hungarian Grand Prix,LEC,58.0,SOFT,82.0
11,Hungarian Grand Prix,LIN,47.0,HARD,85.931
11,Hungarian Grand Prix,NOR,64.0,SOFT,82.491
11,Hungarian Grand Prix,OCO,62.0,HARD,85.889
11,Hungarian Grand Prix,PER,23.0,MEDIUM,86.342
11,Hungarian Grand Prix,PIA,35.0,HARD,83.896
11,Hungarian Grand Prix,RUS,58.0,HARD,82.589
11,Hungarian Grand Prix,SAI,56.0,SOFT,84.864
11,Hungarian Grand Prix,STR,57.0,SOFT,84.718
11,Hungarian Grand Prix,VER,66.0,SOFT,83.433
