Round,EventName,Driver,LapNumber,Stint,Compound,PitInTime,PitOutTime
1,Australian Grand Prix,COL,9.0,2.0,HARD,0 days 00:17:09.480000,0 days 00:17:37.180000
1,Australian Grand Prix,NOR,11.0,2.0,HARD,0 days 00:19:40.861000,0 days 00:19:59.061000
1,Australian Grand Prix,OCO,11.0,2.0,HARD,0 days 00:19:45.997000,0 days 00:20:04.497000
1,Australian Grand Prix,GAS,11.0,2.0,HARD,0 days 00:19:46.650000,0 days 00:20:05.250000
1,Australian Grand Prix,SAI,11.0,2.0,HARD,0 days 00:19:56.659000,0 days 00:20:16.459000
1,Australian Grand Prix,LAW,11.0,2.0,HARD,0 days 00:20:02.746000,0 days 00:20:21.846000
1,Australian Grand Prix,ALO,11.0,2.0,SOFT,0 days 00:20:48.545000,0 days 00:21:14.440000
1,Australian Grand Prix,STR,11.0,2.0,HARD,0 days 00:20:37.821000,0 days 00:21:14.507000
1,Australian Grand Prix,RUS,12.0,2.0,HARD,0 days 00:21:15.981000,0 days 00:21:33.775000
1,Australian Grand Prix,ANT,12.0,2.0,HARD,0 days 00:22:00.272000,0 days 00:22:21.257000
1,Australian Grand Prix,ALB,12.0,2.0,HARD,0 days 00:22:01.303000,0 days 00:22:19.421000
1,Australian Grand Prix,BOT,12.0,2.0,HARD,0 days 00:23:57.952000,0 days 00:24:28.339000
1,Australian Grand Prix,LIN,18.0,2.0,HARD,0 days 00:31:07.099000,0 days 00:31:25.605000
1,Australian Grand Prix,VER,18.0,2.0,MEDIUM,0 days 00:31:12.593000,0 days 00:31:31.663000
1,Australian Grand Prix,BEA,18.0,2.0,HARD,0 days 00:30:50.106000,0 days 00:31:08.880000
1,Australian Grand Prix,BOR,18.0,2.0,HARD,0 days 00:53:09.209000,0 days 00:53:31.828000
1,Australian Grand Prix,PER,18.0,2.0,HARD,0 days 00:31:56.620000,0 days 00:32:17.991000
1,Australian Grand Prix,ALO,13.0,3.0,SOFT,0 days 00:40:09.040000,0 days 00:56:21.340000
1,Australian Grand Prix,LEC,25.0,2.0,HARD,0 days 00:40:48.354000,0 days 00:41:05.954000
1,Australian Grand Prix,LEC,18.0,1.0,MEDIUM,0 days 00:40:49.682000,0 days 00:41:07.346000
1,Australian Grand Prix,STR,26.0,3.0,SOFT,0 days 00:44:26.700000,0 days 00:44:59.800000
1,Australian Grand Prix,STR,18.0,2.0,HARD,0 days 00:44:40.626000,0 days 00:45:13.808000
1,Australian Grand Prix,HAM,28.0,2.0,HARD,0 days 00:45:03.940000,0 days 00:45:21.640000
1,Australian Grand Prix,HAM,18.0,1.0,MEDIUM,0 days 00:45:19.036000,0 days 00:45:36.777000
1,Australian Grand Prix,BOR,33.0,3.0,HARD,0 days 00:52:53.935000,0 days 00:53:16.535000
1,Australian Grand Prix,ALB,33.0,3.0,SOFT,0 days 00:53:24.013000,0 days 00:53:42.417000
1,Australian Grand Prix,LAW,33.0,3.0,SOFT,0 days 00:54:27.845000,0 days 00:54:46.035000
1,Australian Grand Prix,SAI,33.0,3.0,MEDIUM,0 days 00:54:41.807000,0 days 00:55:07.746000
1,Australian Grand Prix,NOR,34.0,3.0,MEDIUM,0 days 00:54:07.060000,0 days 00:54:24.660000
1,Australian Grand Prix,VER,41.0,3.0,HARD,0 days 01:03:56.712000,0 days 01:04:14.712000
1,Australian Grand Prix,PER,43.0,3.0,SOFT,0 days 01:09:13.750000,0 days 01:09:32.701000
1,Australian Grand Prix,SAI,45.0,4.0,SOFT,0 days 01:11:24.060999999,0 days 01:11:58.675999999
1,Australian Grand Prix,COL,46.0,3.0,SOFT,0 days 01:12:34.738999999,0 days 01:12:53.299999999
1,Australian Grand Prix,STR,34.0,4.0,SOFT,0 days 01:14:27.249000,0 days 01:32:28.749000
1,Australian Grand Prix,STR,39.0,5.0,SOFT,0 days 01:22:06.866000,0 days 01:22:29.266000
1,Australian Grand Prix,STR,46.0,,,0 days 01:22:16.614000,0 days 01:22:39.083000
2,Chinese Grand Prix,HAD,1.0,1.0,SOFT,0 days 00:06:25.125000,0 days 00:06:48.187000
2,Chinese Grand Prix,LAW,9.0,1.0,MEDIUM,0 days 00:19:30.772000,0 days 00:19:53.493000
2,Chinese Grand Prix,VER,9.0,1.0,SOFT,0 days 00:19:31.880000,0 days 00:19:55.558000
2,Chinese Grand Prix,SAI,9.0,1.0,MEDIUM,0 days 00:19:34.317000,0 days 00:19:57.423000
2,Chinese Grand Prix,ANT,10.0,1.0,MEDIUM,0 days 00:20:48.777000,0 days 00:21:11.782000
2,Chinese Grand Prix,RUS,10.0,1.0,MEDIUM,0 days 00:20:56.454000,0 days 00:21:19.844000
2,Chinese Grand Prix,HAM,10.0,1.0,MEDIUM,0 days 00:20:56.799000,0 days 00:21:19.232000
2,Chinese Grand Prix,LEC,10.0,1.0,MEDIUM,0 days 00:21:02.954000,0 days 00:21:28.587000
2,Chinese Grand Prix,GAS,10.0,1.0,MEDIUM,0 days 00:21:06.329000,0 days 00:21:29.868000
2,Chinese Grand Prix,BEA,10.0,1.0,MEDIUM,0 days 00:21:23.314000,0 days 00:21:46.281000
2,Chinese Grand Prix,BOT,10.0,1.0,MEDIUM,0 days 00:21:49.224000,0 days 00:22:17.019000
2,Chinese Grand Prix,HAD,10.0,2.0,HARD,0 days 00:22:06.849000,0 days 00:22:32.597000
2,Chinese Grand Prix,PER,11.0,1.0,MEDIUM,0 days 00:24:08.630000,0 days 00:24:34.843000
2,Chinese Grand Prix,OCO,29.0,1.0,HARD,0 days 00:55:08.164000,0 days 00:55:34.161000
2,Chinese Grand Prix,ALO,31.0,1.0,HARD,0 days 00:58:53.861000,0 days 00:59:17.152000
2,Chinese Grand Prix,COL,32.0,1.0,HARD,0 days 00:59:58.613000,0 days 01:00:21.808000
2,Chinese Grand Prix,HUL,35.0,1.0,HARD,0 days 01:05:10.947000,0 days 01:05:48.305000
2,Chinese Grand Prix,LIN,42.0,1.0,HARD,0 days 01:16:43.743000,0 days 01:17:07.033000
2,Chinese Grand Prix,OCO,46.0,2.0,MEDIUM,0 days 01:23:53.817000,0 days 01:24:40.884000
3,Japanese Grand Prix,NOR,16.0,1.0,MEDIUM,0 days 00:39:55.436000,0 days 00:40:18.752000
3,Japanese Grand Prix,BEA,16.0,1.0,MEDIUM,0 days 00:40:25.536000,0 days 00:40:50.536000
3,Japanese Grand Prix,LEC,17.0,1.0,MEDIUM,0 days 00:41:28.501000,0 days 00:41:51.493000
3,Japanese Grand Prix,COL,17.0,1.0,MEDIUM,0 days 00:41:59.154000,0 days 00:42:22.803000
3,Japanese Grand Prix,PIA,18.0,1.0,MEDIUM,0 days 00:42:58.405000,0 days 00:43:21.849000
3,Japanese Grand Prix,LIN,18.0,1.0,MEDIUM,0 days 00:43:35.557000,0 days 00:44:01.857000
3,Japanese Grand Prix,OCO,19.0,1.0,MEDIUM,0 days 00:45:07.194000,0 days 00:45:31.823000
3,Japanese Grand Prix,HAD,19.0,1.0,MEDIUM,0 days 00:45:09.104000,0 days 00:45:32.802000
3,Japanese Grand Prix,BOT,19.0,1.0,HARD,0 days 00:45:58.890000,0 days 00:46:24.019000
3,Japanese Grand Prix,RUS,21.0,1.0,MEDIUM,0 days 00:47:43.226000,0 days 00:48:06.163000
3,Japanese Grand Prix,PER,21.0,1.0,MEDIUM,0 days 00:49:05.815000,0 days 00:49:33.122000
3,Japanese Grand Prix,STR,21.0,1.0,MEDIUM,0 days 00:49:15.293000,0 days 00:49:40.376000
3,Japanese Grand Prix,ALO,21.0,1.0,MEDIUM,0 days 00:49:24.243000,0 days 00:49:50.701000
3,Japanese Grand Prix,ANT,22.0,1.0,MEDIUM,0 days 00:49:36.575000,0 days 00:49:59.863000
3,Japanese Grand Prix,HAM,22.0,1.0,MEDIUM,0 days 00:49:45.182000,0 days 00:50:08.073000
3,Japanese Grand Prix,GAS,22.0,1.0,MEDIUM,0 days 00:50:01.959000,0 days 00:50:26.263000
3,Japanese Grand Prix,VER,22.0,1.0,MEDIUM,0 days 00:50:06.296000,0 days 00:50:30.786000
3,Japanese Grand Prix,LAW,22.0,1.0,MEDIUM,0 days 00:50:28.632000,0 days 00:50:52.732000
3,Japanese Grand Prix,BOR,22.0,1.0,MEDIUM,0 days 00:50:29.968000,0 days 00:50:54.598000
3,Japanese Grand Prix,SAI,22.0,1.0,MEDIUM,0 days 00:50:36.919000,0 days 00:51:01.315000
3,Japanese Grand Prix,ALB,22.0,1.0,MEDIUM,0 days 00:50:44.394000,0 days 00:51:08.994000
3,Japanese Grand Prix,HUL,23.0,1.0,MEDIUM,0 days 00:52:37.648000,0 days 00:53:01.548000
3,Japanese Grand Prix,ALO,23.0,2.0,HARD,0 days 00:53:39.693000,0 days 00:54:03.707000
3,Japanese Grand Prix,STR,24.0,2.0,HARD,0 days 00:55:13.349000,0 days 00:55:36.850000
3,Japanese Grand Prix,ALB,45.0,2.0,HARD,0 days 01:30:59.545000,0 days 01:31:22.617000
3,Japanese Grand Prix,ALB,46.0,3.0,SOFT,0 days 01:32:57.159000,0 days 01:33:21.259000
3,Japanese Grand Prix,ALB,47.0,4.0,SOFT,0 days 01:34:56.701000,0 days 01:35:22.701000
3,Japanese Grand Prix,ALB,48.0,5.0,SOFT,0 days 01:37:02.998000,0 days 01:37:35.698000
3,Japanese Grand Prix,ALB,49.0,6.0,SOFT,0 days 01:39:01.736000,0 days 01:39:26.036000
4,Miami Grand Prix,HUL,1.0,1.0,MEDIUM,0 days 00:06:24.855000,0 days 00:06:58.565000
4,Miami Grand Prix,VER,6.0,1.0,MEDIUM,0 days 00:14:40.156000,0 days 00:15:02.703000
4,Miami Grand Prix,BOT,6.0,1.0,MEDIUM,0 days 00:15:01.436000,0 days 00:15:24.965000
4,Miami Grand Prix,RUS,20.0,1.0,MEDIUM,0 days 00:40:30.702000,0 days 00:40:52.702000
4,Miami Grand Prix,LEC,21.0,1.0,MEDIUM,0 days 00:42:03.129000,0 days 00:42:26.515000
4,Miami Grand Prix,BOT,21.0,2.0,SOFT,0 days 00:42:42.184000,0 days 00:43:06.011000
4,Miami Grand Prix,STR,21.0,1.0,MEDIUM,0 days 00:42:43.220000,0 days 00:43:05.850000
4,Miami Grand Prix,ANT,26.0,1.0,MEDIUM,0 days 00:49:41.487000,0 days 00:50:03.615000
4,Miami Grand Prix,BEA,26.0,1.0,MEDIUM,0 days 00:50:16.658000,0 days 00:50:40.132000
4,Miami Grand Prix,NOR,27.0,1.0,MEDIUM,0 days 00:51:13.396000,0 days 00:51:35.961000
4,Miami Grand Prix,HAM,27.0,1.0,MEDIUM,0 days 00:51:33.718000,0 days 00:51:57.497000
4,Miami Grand Prix,ALB,27.0,1.0,MEDIUM,0 days 00:51:49.624000,0 days 00:52:12.640000
4,Miami Grand Prix,PIA,28.0,1.0,MEDIUM,0 days 00:53:01.295000,0 days 00:53:24.319000
4,Miami Grand Prix,SAI,28.0,1.0,MEDIUM,0 days 00:53:22.109000,0 days 00:53:45.704000
4,Miami Grand Prix,LIN,28.0,1.0,MEDIUM,0 days 00:53:42.425000,0 days 00:54:05.156000
4,Miami Grand Prix,PER,29.0,1.0,MEDIUM,0 days 00:55:29.195000,0 days 00:55:52.395000
4,Miami Grand Prix,BOT,30.0,3.0,MEDIUM,0 days 00:57:25.955000,0 days 00:57:43.055000
4,Miami Grand Prix,COL,31.0,1.0,MEDIUM,0 days 00:57:54.710000,0 days 00:58:17.803000
4,Miami Grand Prix,OCO,31.0,1.0,MEDIUM,0 days 00:58:16.484000,0 days 00:58:40.511000
4,Miami Grand Prix,BOR,32.0,1.0,MEDIUM,0 days 00:59:55.617000,0 days 01:00:19.603000
4,Miami Grand Prix,STR,37.0,2.0,SOFT,0 days 01:08:38.349000,0 days 01:09:00.439000
4,Miami Grand Prix,ALO,41.0,1.0,MEDIUM,0 days 01:14:48.371000,0 days 01:15:11.531000
5,Canadian Grand Prix,PIA,1.0,2.0,MEDIUM,0 days 00:11:35.201000,0 days 00:11:59.301000
5,Canadian Grand Prix,NOR,2.0,2.0,MEDIUM,0 days 00:12:53.655000,0 days 00:13:17.055000
5,Canadian Grand Prix,HUL,2.0,2.0,SOFT,0 days 00:13:06.553000,0 days 00:13:31.453000
5,Canadian Grand Prix,SAI,2.0,2.0,MEDIUM,0 days 00:13:10.208000,0 days 00:13:34.908000
5,Canadian Grand Prix,BOR,2.0,2.0,SOFT,0 days 00:13:12.614000,0 days 00:13:40.714000
5,Canadian Grand Prix,PER,2.0,2.0,SOFT,0 days 00:13:13.091000,0 days 00:13:38.791000
5,Canadian Grand Prix,BOT,3.0,2.0,SOFT,0 days 00:14:43.855000,0 days 00:15:12.055000
5,Canadian Grand Prix,BOT,9.0,3.0,MEDIUM,0 days 00:23:13.509000,0 days 00:23:38.309000
5,Canadian Grand Prix,PIA,12.0,3.0,MEDIUM,0 days 00:26:37.176000,0 days 00:27:13.776000
5,Canadian Grand Prix,STR,14.0,2.0,SOFT,0 days 00:29:29.471000,0 days 00:29:53.671000
5,Canadian Grand Prix,NOR,15.0,3.0,MEDIUM,0 days 00:30:15.392000,0 days 00:30:44.192000
5,Canadian Grand Prix,PER,15.0,3.0,MEDIUM,0 days 00:30:47.863000,0 days 00:31:12.963000
5,Canadian Grand Prix,OCO,16.0,2.0,MEDIUM,0 days 00:31:52.896000,0 days 00:32:17.696000
5,Canadian Grand Prix,BOR,18.0,3.0,MEDIUM,0 days 00:34:34.135000,0 days 00:34:58.835000
5,Canadian Grand Prix,HUL,20.0,3.0,MEDIUM,0 days 00:37:09.895000,0 days 00:37:40.895000
5,Canadian Grand Prix,ALO,20.0,2.0,SOFT,0 days 00:37:15.069000,0 days 00:37:39.769000
5,Canadian Grand Prix,COL,30.0,2.0,HARD,0 days 00:49:34.153000,0 days 00:49:59.753000
5,Canadian Grand Prix,PER,29.0,4.0,SOFT,0 days 00:49:46.801000,0 days 00:50:11.701000
5,Canadian Grand Prix,LAW,30.0,2.0,SOFT,0 days 00:49:47.971000,0 days 00:50:12.071000
5,Canadian Grand Prix,GAS,30.0,2.0,HARD,0 days 00:49:55.410000,0 days 00:50:21.010000
5,Canadian Grand Prix,SAI,30.0,3.0,MEDIUM,0 days 00:50:09.459000,0 days 00:50:35.059000
5,Canadian Grand Prix,ANT,31.0,2.0,MEDIUM,0 days 00:50:16.912000,0 days 00:50:42.012000
5,Canadian Grand Prix,BEA,30.0,2.0,MEDIUM,0 days 00:50:19.553000,0 days 00:51:04.453000
5,Canadian Grand Prix,VER,31.0,2.0,MEDIUM,0 days 00:50:23.022000,0 days 00:50:48.122000
5,Canadian Grand Prix,HAM,31.0,2.0,MEDIUM,0 days 00:50:34.865000,0 days 00:51:00.765000
5,Canadian Grand Prix,HAD,31.0,2.0,MEDIUM,0 days 00:50:38.006000,0 days 00:51:02.906000
5,Canadian Grand Prix,LEC,31.0,2.0,MEDIUM,0 days 00:50:40.850000,0 days 00:51:10.950000
5,Canadian Grand Prix,BOT,29.0,4.0,SOFT,0 days 00:51:02.188000,0 days 00:51:26.588000
5,Canadian Grand Prix,OCO,30.0,3.0,SOFT,0 days 00:51:29.219000,0 days 00:52:04.519000
5,Canadian Grand Prix,STR,49.0,3.0,MEDIUM,0 days 01:17:51.300000,0 days 01:18:15.400000
5,Canadian Grand Prix,HAD,52.0,3.0,SOFT,0 days 01:18:25.134000,0 days 01:18:59.834000
5,Canadian Grand Prix,BOT,49.0,5.0,MEDIUM,0 days 01:18:48.229000,0 days 01:19:19.329000
5,Canadian Grand Prix,PIA,51.0,4.0,SOFT,0 days 01:18:50.366000,0 days 01:19:26.466000
5,Canadian Grand Prix,HAD,62.0,4.0,SOFT,0 days 01:31:49.681000,0 days 01:32:24.481000
6,Monaco Grand Prix,BOT,1.0,2.0,MEDIUM,0 days 00:05:11.097000,0 days 00:05:37.797000
6,Monaco Grand Prix,BOR,1.0,2.0,HARD,0 days 00:05:11.753000,0 days 00:05:37.653000
6,Monaco Grand Prix,BEA,1.0,2.0,HARD,0 days 00:05:15.738000,0 days 00:05:47.838000
6,Monaco Grand Prix,ALO,3.0,2.0,SOFT,0 days 00:07:51.620000,0 days 00:08:16.520000
6,Monaco Grand Prix,PER,4.0,2.0,MEDIUM,0 days 00:09:10.136000,0 days 00:09:37.236000
6,Monaco Grand Prix,STR,4.0,2.0,SOFT,0 days 00:09:14.620000,0 days 00:09:39.420000
6,Monaco Grand Prix,OCO,9.0,2.0,HARD,0 days 00:15:47.335000,0 days 00:16:12.735000
6,Monaco Grand Prix,PER,9.0,3.0,MEDIUM,0 days 00:15:59.835000,0 days 00:16:19.535000
6,Monaco Grand Prix,HUL,12.0,2.0,HARD,0 days 00:19:39.858000,0 days 00:20:04.658000
6,Monaco Grand Prix,HAM,28.0,2.0,HARD,0 days 00:39:40.204000,0 days 00:40:04.304000
6,Monaco Grand Prix,RUS,31.0,2.0,HARD,0 days 00:44:09.388000,0 days 00:44:33.388000
6,Monaco Grand Prix,HAD,32.0,2.0,HARD,0 days 00:45:28.474000,0 days 00:45:53.174000
6,Monaco Grand Prix,LEC,35.0,2.0,HARD,0 days 00:48:48.285000,0 days 00:49:13.585000
6,Monaco Grand Prix,COL,35.0,2.0,HARD,0 days 00:50:05.535000,0 days 00:50:31.235000
6,Monaco Grand Prix,ANT,37.0,2.0,HARD,0 days 00:50:58.679000,0 days 00:51:22.779000
6,Monaco Grand Prix,ALB,43.0,2.0,SOFT,0 days 01:00:37.472000,0 days 01:01:02.972000
6,Monaco Grand Prix,BOR,43.0,3.0,MEDIUM,0 days 01:01:33.347000,0 days 01:01:57.947000
6,Monaco Grand Prix,LAW,44.0,2.0,SOFT,0 days 01:01:42.457000,0 days 01:02:08.057000
6,Monaco Grand Prix,GAS,45.0,2.0,HARD,0 days 01:02:41.495000,0 days 01:03:06.995000
6,Monaco Grand Prix,PIA,48.0,2.0,HARD,0 days 01:06:31.029000,0 days 01:06:55.229000
6,Monaco Grand Prix,SAI,52.0,2.0,SOFT,0 days 01:12:46.970999999,0 days 01:13:12.570999999
6,Monaco Grand Prix,HUL,58.0,3.0,HARD,0 days 01:21:17.307000,0 days 01:21:37.807000
6,Monaco Grand Prix,PIA,59.0,3.0,SOFT,0 days 01:21:25.635000,0 days 01:21:57.035000
6,Monaco Grand Prix,HAM,60.0,3.0,SOFT,0 days 01:21:26.073000,0 days 01:21:57.273000
6,Monaco Grand Prix,ALO,58.0,3.0,SOFT,0 days 01:21:34.338000,0 days 01:22:00.638000
6,Monaco Grand Prix,LEC,60.0,3.0,SOFT,0 days 01:21:34.463000,0 days 01:22:09.363000
6,Monaco Grand Prix,BOR,58.0,4.0,MEDIUM,0 days 01:22:10.057000,0 days 01:22:30.357000
6,Monaco Grand Prix,ANT,61.0,3.0,SOFT,0 days 01:22:39.778000,0 days 01:23:06.578000
6,Monaco Grand Prix,HAD,60.0,3.0,HARD,0 days 01:22:46.086000,0 days 01:23:05.686000
6,Monaco Grand Prix,RUS,60.0,3.0,SOFT,0 days 01:22:50.085000,0 days 01:23:25.285000
6,Monaco Grand Prix,LIN,59.0,2.0,MEDIUM,0 days 01:22:51.100000,0 days 01:23:11.300000
6,Monaco Grand Prix,ALB,59.0,3.0,SOFT,0 days 01:22:52.596000,0 days 01:23:12.296000
6,Monaco Grand Prix,SAI,59.0,3.0,SOFT,0 days 01:22:54.064000,0 days 01:23:13.864000
6,Monaco Grand Prix,OCO,59.0,3.0,HARD,0 days 01:23:09.338000,0 days 01:23:29.238000
6,Monaco Grand Prix,HUL,59.0,4.0,HARD,0 days 01:23:11.197000,0 days 01:23:31.097000
6,Monaco Grand Prix,COL,59.0,3.0,HARD,0 days 01:23:14.713000,0 days 01:23:36.613000
6,Monaco Grand Prix,GAS,60.0,3.0,HARD,0 days 01:23:15.900000,0 days 01:23:35.700000
6,Monaco Grand Prix,PIA,60.0,4.0,SOFT,0 days 01:23:20.338000,0 days 01:23:40.438000
6,Monaco Grand Prix,HAM,61.0,4.0,SOFT,0 days 01:23:26.682000,0 days 01:23:50.882000
6,Monaco Grand Prix,ALO,59.0,4.0,SOFT,0 days 01:23:27.510000,0 days 01:23:47.710000
6,Monaco Grand Prix,LEC,61.0,4.0,SOFT,0 days 01:23:29.885000,0 days 01:23:49.885000
6,Monaco Grand Prix,LAW,60.0,3.0,SOFT,0 days 01:23:41.002000,0 days 01:24:00.902000
6,Monaco Grand Prix,PER,59.0,4.0,SOFT,0 days 01:23:51.502000,0 days 01:24:17.502000
6,Monaco Grand Prix,BOR,59.0,5.0,SOFT,0 days 01:24:06.813000,0 days 01:24:31.613000
6,Monaco Grand Prix,ANT,66.0,4.0,SOFT,0 days 01:32:43.844000,0 days 01:33:04.544000
6,Monaco Grand Prix,HAM,66.0,5.0,SOFT,0 days 01:32:47.250000,0 days 01:33:09.750000
6,Monaco Grand Prix,HAD,66.0,4.0,HARD,0 days 01:32:48.418000,0 days 01:33:10.718000
6,Monaco Grand Prix,RUS,66.0,4.0,SOFT,0 days 01:32:50.457000,0 days 01:33:12.957000
6,Monaco Grand Prix,LIN,65.0,3.0,MEDIUM,0 days 01:32:52.040000,0 days 01:33:14.740000
6,Monaco Grand Prix,ALB,65.0,4.0,SOFT,0 days 01:32:53.440000,0 days 01:33:16.140000
6,Monaco Grand Prix,SAI,65.0,4.0,SOFT,0 days 01:32:54.289000,0 days 01:33:16.389000
6,Monaco Grand Prix,OCO,65.0,4.0,HARD,0 days 01:32:55.584000,0 days 01:33:16.984000
6,Monaco Grand Prix,HUL,65.0,5.0,HARD,0 days 01:32:57.280000,0 days 01:33:19.580000
6,Monaco Grand Prix,GAS,66.0,4.0,HARD,0 days 01:33:01.288000,0 days 01:33:24.588000
6,Monaco Grand Prix,COL,65.0,4.0,HARD,0 days 01:33:02.693000,0 days 01:33:25.993000
6,Monaco Grand Prix,PIA,66.0,5.0,SOFT,0 days 01:33:03.979000,0 days 01:33:27.379000
6,Monaco Grand Prix,ALO,65.0,5.0,SOFT,0 days 01:33:05.205000,0 days 01:33:29.205000
6,Monaco Grand Prix,PER,65.0,5.0,SOFT,0 days 01:33:06.706000,0 days 01:33:30.506000
6,Monaco Grand Prix,BOR,65.0,6.0,SOFT,0 days 01:33:07.685000,0 days 01:33:30.385000
6,Monaco Grand Prix,LAW,66.0,4.0,SOFT,0 days 01:33:11.784000,0 days 01:33:32.084000
6,Monaco Grand Prix,LIN,67.0,4.0,SOFT,0 days 02:10:07.188000,0 days 02:43:50.188000
6,Monaco Grand Prix,ALB,67.0,5.0,SOFT,0 days 02:10:09.758000,0 days 02:43:53.858000
6,Monaco Grand Prix,SAI,67.0,5.0,SOFT,0 days 02:10:12.693000,0 days 02:43:58.393000
6,Monaco Grand Prix,OCO,67.0,5.0,SOFT,0 days 02:10:14.530000,0 days 02:44:00.430000
6,Monaco Grand Prix,HUL,67.0,6.0,SOFT,0 days 02:10:17.140000,0 days 02:44:04.140000
6,Monaco Grand Prix,COL,67.0,5.0,SOFT,0 days 02:10:18.492000,0 days 02:44:04.292000
6,Monaco Grand Prix,ALO,67.0,6.0,SOFT,0 days 02:10:21.680000,0 days 02:44:06.380000
6,Monaco Grand Prix,PER,67.0,6.0,SOFT,0 days 02:10:25.367000,0 days 02:44:12.167000
6,Monaco Grand Prix,BOR,67.0,7.0,SOFT,0 days 02:10:29.774000,0 days 02:44:19.674000
6,Monaco Grand Prix,ANT,68.0,5.0,SOFT,0 days 02:12:12.024000,0 days 02:48:06.124000
6,Monaco Grand Prix,HAM,68.0,6.0,SOFT,0 days 02:12:15.196000,0 days 02:48:11.396000
6,Monaco Grand Prix,HAD,68.0,5.0,SOFT,0 days 02:12:17.821000,0 days 02:48:14.421000
6,Monaco Grand Prix,RUS,68.0,5.0,SOFT,0 days 02:12:20.728000,0 days 02:48:18.828000
6,Monaco Grand Prix,GAS,68.0,5.0,SOFT,0 days 02:12:23.290000,0 days 02:48:14.790000
6,Monaco Grand Prix,PIA,68.0,6.0,SOFT,0 days 02:12:26.556000,0 days 02:48:17.956000
6,Monaco Grand Prix,LAW,68.0,5.0,SOFT,0 days 02:12:29.165000,0 days 02:48:15.165000
6,Monaco Grand Prix,LIN,68.0,5.0,SOFT,0 days 02:12:32.696000,0 days 02:13:35.196000
6,Monaco Grand Prix,ALB,68.0,6.0,SOFT,0 days 02:12:34.790000,0 days 02:13:36.990000
6,Monaco Grand Prix,SAI,68.0,6.0,SOFT,0 days 02:12:37.618000,0 days 02:13:39.518000
6,Monaco Grand Prix,OCO,68.0,6.0,SOFT,0 days 02:12:39.884000,0 days 02:13:42.484000
6,Monaco Grand Prix,HUL,68.0,7.0,SOFT,0 days 02:12:42.993000,0 days 02:13:44.893000
6,Monaco Grand Prix,COL,68.0,6.0,SOFT,0 days 02:12:48.759000,0 days 02:13:53.159000
6,Monaco Grand Prix,ALO,68.0,7.0,SOFT,0 days 02:12:51.994000,0 days 02:13:56.894000
6,Monaco Grand Prix,PER,68.0,7.0,SOFT,0 days 02:12:54.552000,0 days 02:14:00.352000
6,Monaco Grand Prix,BOR,68.0,8.0,SOFT,0 days 02:12:56.029000,0 days 02:13:59.929000
6,Monaco Grand Prix,RUS,72.0,6.0,SOFT,0 days 02:19:38.018000,0 days 02:19:57.718000
7,Barcelona Grand Prix,HAM,11.0,1.0,SOFT,0 days 00:19:06.289000,0 days 00:19:28.769000
7,Barcelona Grand Prix,LAW,11.0,1.0,MEDIUM,0 days 00:19:32.167000,0 days 00:19:58.150000
7,Barcelona Grand Prix,RUS,12.0,1.0,MEDIUM,0 days 00:20:25.691000,0 days 00:20:47.771000
7,Barcelona Grand Prix,VER,12.0,1.0,SOFT,0 days 00:20:38.434000,0 days 00:21:00.707000
7,Barcelona Grand Prix,COL,12.0,1.0,SOFT,0 days 00:21:02.197000,0 days 00:21:25.180000
7,Barcelona Grand Prix,PER,12.0,1.0,SOFT,0 days 00:21:18.159000,0 days 00:21:42.964000
7,Barcelona Grand Prix,NOR,13.0,1.0,MEDIUM,0 days 00:21:56.796000,0 days 00:22:18.496000
7,Barcelona Grand Prix,HUL,13.0,1.0,SOFT,0 days 00:22:21.978000,0 days 00:22:44.847000
7,Barcelona Grand Prix,OCO,13.0,1.0,SOFT,0 days 00:22:36.805000,0 days 00:23:00.061000
7,Barcelona Grand Prix,ALB,13.0,1.0,MEDIUM,0 days 00:22:40.415000,0 days 00:23:04.420000
7,Barcelona Grand Prix,ANT,14.0,1.0,MEDIUM,0 days 00:23:17.696000,0 days 00:23:39.734000
7,Barcelona Grand Prix,PIA,14.0,1.0,MEDIUM,0 days 00:23:29.775000,0 days 00:23:51.551000
7,Barcelona Grand Prix,GAS,14.0,1.0,MEDIUM,0 days 00:23:54.707000,0 days 00:24:17.389000
7,Barcelona Grand Prix,SAI,14.0,1.0,SOFT,0 days 00:23:58.472000,0 days 00:24:21.449000
7,Barcelona Grand Prix,BOT,14.0,1.0,MEDIUM,0 days 00:24:22.993000,0 days 00:24:46.273000
7,Barcelona Grand Prix,HAD,15.0,1.0,MEDIUM,0 days 00:25:11.329000,0 days 00:25:33.773000
7,Barcelona Grand Prix,BOR,15.0,1.0,MEDIUM,0 days 00:25:30.323000,0 days 00:25:53.106000
7,Barcelona Grand Prix,LEC,16.0,1.0,MEDIUM,0 days 00:26:14.211000,0 days 00:26:36.460000
7,Barcelona Grand Prix,BEA,18.0,1.0,MEDIUM,0 days 00:29:49.096000,0 days 00:30:12.214000
7,Barcelona Grand Prix,ALO,21.0,1.0,HARD,0 days 00:34:34.480000,0 days 00:34:56.700000
7,Barcelona Grand Prix,LIN,22.0,1.0,MEDIUM,0 days 00:35:21.208999999,0 days 00:35:43.684999999
7,Barcelona Grand Prix,HAM,27.0,2.0,HARD,0 days 00:41:28.951000,0 days 00:41:51.428000
7,Barcelona Grand Prix,VER,29.0,2.0,MEDIUM,0 days 00:44:29.360000,0 days 00:44:53.549000
7,Barcelona Grand Prix,ALB,29.0,2.0,HARD,0 days 00:45:56.713000,0 days 00:46:18.740000
7,Barcelona Grand Prix,SAI,30.0,2.0,HARD,0 days 00:46:59.052000,0 days 00:47:21.647000
7,Barcelona Grand Prix,PER,31.0,2.0,HARD,0 days 00:49:02.396000,0 days 00:49:26.828000
7,Barcelona Grand Prix,HAD,32.0,2.0,HARD,0 days 00:49:09.615000,0 days 00:49:32.143000
7,Barcelona Grand Prix,BOR,33.0,2.0,HARD,0 days 00:51:21.181000,0 days 00:51:43.466000
7,Barcelona Grand Prix,COL,34.0,2.0,HARD,0 days 00:52:24.989000,0 days 00:52:47.279000
7,Barcelona Grand Prix,NOR,35.0,2.0,HARD,0 days 00:52:36.546000,0 days 00:52:58.546000
7,Barcelona Grand Prix,OCO,34.0,2.0,HARD,0 days 00:53:02.214000,0 days 00:53:28.663000
7,Barcelona Grand Prix,LAW,35.0,2.0,HARD,0 days 00:53:49.609000,0 days 00:54:12.781000
7,Barcelona Grand Prix,RUS,36.0,2.0,HARD,0 days 00:53:54.451000,0 days 00:54:16.128000
7,Barcelona Grand Prix,PIA,36.0,2.0,HARD,0 days 00:54:19.600000,0 days 00:54:42.261000
7,Barcelona Grand Prix,ANT,37.0,2.0,HARD,0 days 00:55:16.919000,0 days 00:55:39.129000
7,Barcelona Grand Prix,LIN,37.0,2.0,HARD,0 days 00:56:55.952000,0 days 00:57:19.962000
7,Barcelona Grand Prix,LEC,39.0,2.0,HARD,0 days 00:58:21.402000,0 days 00:58:43.527000
7,Barcelona Grand Prix,VER,40.0,3.0,HARD,0 days 00:59:59.158000,0 days 01:00:21.944000
7,Barcelona Grand Prix,BEA,39.0,3.0,SOFT,0 days 01:00:06.515000,0 days 01:00:30.416000
7,Barcelona Grand Prix,PER,39.0,3.0,HARD,0 days 01:01:08.272000,0 days 01:01:32.184000
7,Barcelona Grand Prix,HAM,41.0,3.0,MEDIUM,0 days 01:01:13.428000,0 days 01:01:36.265000
7,Barcelona Grand Prix,GAS,40.0,2.0,HARD,0 days 01:01:19.722000,0 days 01:01:43.032000
7,Barcelona Grand Prix,ALB,34.0,3.0,HARD,0 days 01:05:58.019000,0 days 01:18:55.719000
7,Barcelona Grand Prix,BOR,53.0,3.0,HARD,0 days 01:20:20.533000,0 days 01:20:46.448000
7,Barcelona Grand Prix,SAI,55.0,3.0,HARD,0 days 01:23:04.365000,0 days 01:23:27.137000
7,Barcelona Grand Prix,HAD,58.0,3.0,HARD,0 days 01:25:54.289000,0 days 01:26:16.238000
7,Barcelona Grand Prix,OCO,58.0,3.0,MEDIUM,0 days 01:27:44.973000,0 days 01:28:07.873000
7,Barcelona Grand Prix,ALB,50.0,4.0,SOFT,0 days 01:28:47.306000,0 days 01:29:10.009000
8,Austrian Grand Prix,HAM,12.0,1.0,MEDIUM,0 days 00:18:16,0 days 00:18:37.300000
8,Austrian Grand Prix,LEC,13.0,1.0,MEDIUM,0 days 00:19:34.611000,0 days 00:19:56.311000
8,Austrian Grand Prix,GAS,13.0,1.0,MEDIUM,0 days 00:19:57.672000,0 days 00:20:19.272000
8,Austrian Grand Prix,SAI,14.0,1.0,SOFT,0 days 00:21:15.449000,0 days 00:21:36.749000
8,Austrian Grand Prix,BOR,17.0,1.0,SOFT,0 days 00:24:47.179000,0 days 00:25:09.779000
8,Austrian Grand Prix,VER,18.0,1.0,MEDIUM,0 days 00:25:32.461000,0 days 00:25:53.761000
8,Austrian Grand Prix,HAD,18.0,1.0,MEDIUM,0 days 00:25:46.069000,0 days 00:26:07.769000
8,Austrian Grand Prix,LIN,18.0,1.0,MEDIUM,0 days 00:25:56.802000,0 days 00:26:18.202000
8,Austrian Grand Prix,OCO,18.0,1.0,MEDIUM,0 days 00:26:14.833000,0 days 00:26:36.633000
8,Austrian Grand Prix,ALB,18.0,1.0,MEDIUM,0 days 00:26:17.113000,0 days 00:26:38.313000
8,Austrian Grand Prix,RUS,19.0,1.0,MEDIUM,0 days 00:26:40.718000,0 days 00:27:01.918000
8,Austrian Grand Prix,PIA,19.0,1.0,MEDIUM,0 days 00:26:56.641000,0 days 00:27:18.641000
8,Austrian Grand Prix,LAW,19.0,1.0,MEDIUM,0 days 00:27:09.009000,0 days 00:27:31.009000
8,Austrian Grand Prix,COL,20.0,1.0,MEDIUM,0 days 00:28:48.729000,0 days 00:29:10.229000
8,Austrian Grand Prix,NOR,21.0,1.0,MEDIUM,0 days 00:29:25.824000,0 days 00:29:47.324000
8,Austrian Grand Prix,HUL,21.0,1.0,MEDIUM,0 days 00:29:55.706000,0 days 00:30:17.206000
8,Austrian Grand Prix,ANT,24.0,1.0,MEDIUM,0 days 00:32:54.499000,0 days 00:33:15.899000
8,Austrian Grand Prix,BEA,24.0,1.0,MEDIUM,0 days 00:33:53.795000,0 days 00:34:15.295000
8,Austrian Grand Prix,ALO,24.0,1.0,MEDIUM,0 days 00:34:21.799000,0 days 00:34:44.099000
8,Austrian Grand Prix,STR,24.0,1.0,MEDIUM,0 days 00:34:30.473000,0 days 00:34:53.973000
8,Austrian Grand Prix,HAM,25.0,2.0,HARD,0 days 00:34:41.205000,0 days 00:35:02.405000
8,Austrian Grand Prix,OCO,33.0,2.0,MEDIUM,0 days 00:45:46.672000,0 days 00:46:12.072000
8,Austrian Grand Prix,LEC,37.0,2.0,HARD,0 days 00:49:36.347000,0 days 00:49:57.347000
8,Austrian Grand Prix,ALB,37.0,2.0,MEDIUM,0 days 00:50:46.204000,0 days 00:51:07.404000
8,Austrian Grand Prix,GAS,38.0,2.0,HARD,0 days 00:51:34.103000,0 days 00:51:55.303000
8,Austrian Grand Prix,HAD,40.0,2.0,MEDIUM,0 days 00:53:16.481000,0 days 00:53:37.681000
8,Austrian Grand Prix,PIA,42.0,2.0,HARD,0 days 00:55:35.812000,0 days 00:55:57.012000
8,Austrian Grand Prix,HAM,42.0,3.0,SOFT,0 days 00:55:37.472000,0 days 00:55:58.672000
8,Austrian Grand Prix,RUS,43.0,2.0,HARD,0 days 00:56:31.785000,0 days 00:56:52.985000
8,Austrian Grand Prix,BOR,44.0,2.0,MEDIUM,0 days 00:58:47.094000,0 days 00:59:08.894000
8,Austrian Grand Prix,LAW,45.0,2.0,HARD,0 days 00:59:53.792000,0 days 01:00:15.292000
8,Austrian Grand Prix,HUL,45.0,2.0,MEDIUM,0 days 01:00:09.488000,0 days 01:00:31.988000
8,Austrian Grand Prix,BEA,45.0,2.0,HARD,0 days 01:00:27.963000,0 days 01:00:49.963000
8,Austrian Grand Prix,LIN,46.0,2.0,HARD,0 days 01:01:06.281000,0 days 01:01:27.781000
8,Austrian Grand Prix,NOR,47.0,2.0,HARD,0 days 01:01:44.351000,0 days 01:02:06.151000
8,Austrian Grand Prix,COL,46.0,2.0,HARD,0 days 01:01:49.515000,0 days 01:02:10.915000
8,Austrian Grand Prix,VER,49.0,2.0,HARD,0 days 01:03:48.538000,0 days 01:04:09.738000
8,Austrian Grand Prix,ANT,51.0,2.0,HARD,0 days 01:06:14.731000,0 days 01:06:36.231000
8,Austrian Grand Prix,ALO,49.0,2.0,SOFT,0 days 01:06:29.094000,0 days 01:06:57.794000
8,Austrian Grand Prix,GAS,51.0,3.0,MEDIUM,0 days 01:07:41.166000,0 days 01:08:02.666000
8,Austrian Grand Prix,LEC,59.0,3.0,HARD,0 days 01:16:33.840000,0 days 01:16:56.540000
9,British Grand Prix,ALB,1.0,1.0,MEDIUM,0 days 00:06:54.499000,0 days 00:07:38.599000
9,British Grand Prix,PIA,2.0,1.0,MEDIUM,0 days 00:08:15.448000,0 days 00:08:55.948000
9,British Grand Prix,ALB,14.0,2.0,HARD,0 days 00:28:42.786000,0 days 00:29:23.986000
9,British Grand Prix,VER,17.0,1.0,MEDIUM,0 days 00:31:12.628000,0 days 00:31:41.328000
9,British Grand Prix,HUL,17.0,1.0,MEDIUM,0 days 00:31:54.573000,0 days 00:32:23.473000
9,British Grand Prix,STR,18.0,1.0,MEDIUM,0 days 00:34:11.121999999,0 days 00:34:39.821999999
9,British Grand Prix,HAD,19.0,1.0,MEDIUM,0 days 00:34:30.503000,0 days 00:35:00.403000
9,British Grand Prix,SAI,20.0,1.0,MEDIUM,0 days 00:36:40.733000,0 days 00:37:09.533000
9,British Grand Prix,ALO,20.0,1.0,MEDIUM,0 days 00:37:30.798000,0 days 00:37:59.498000
9,British Grand Prix,PER,21.0,1.0,MEDIUM,0 days 00:38:39.595000,0 days 00:39:08.895000
9,British Grand Prix,OCO,21.0,1.0,MEDIUM,0 days 00:38:40.451000,0 days 00:39:23.651000
9,British Grand Prix,COL,22.0,1.0,MEDIUM,0 days 00:39:57.554000,0 days 00:40:26.854000
9,British Grand Prix,RUS,23.0,1.0,MEDIUM,0 days 00:40:52.147000,0 days 00:41:20.747000
9,British Grand Prix,HAM,23.0,1.0,MEDIUM,0 days 00:40:53.747000,0 days 00:41:28.547000
9,British Grand Prix,GAS,23.0,1.0,MEDIUM,0 days 00:41:36.072000,0 days 00:42:09.672000
9,British Grand Prix,LEC,25.0,1.0,MEDIUM,0 days 00:43:45.836000,0 days 00:44:14.236000
9,British Grand Prix,ALB,23.0,3.0,MEDIUM,0 days 00:43:56.211000,0 days 00:44:35.811000
9,British Grand Prix,BOR,26.0,1.0,MEDIUM,0 days 00:46:11.109000,0 days 00:46:39.709000
9,British Grand Prix,LIN,27.0,1.0,MEDIUM,0 days 00:47:43.893000,0 days 00:48:12.793000
9,British Grand Prix,NOR,28.0,1.0,MEDIUM,0 days 00:48:53.303000,0 days 00:49:22.103000
9,British Grand Prix,LAW,28.0,1.0,MEDIUM,0 days 00:49:15.954000,0 days 00:49:44.654000
9,British Grand Prix,BEA,29.0,1.0,MEDIUM,0 days 00:51:35.455000,0 days 00:52:05.355000
9,British Grand Prix,BOT,29.0,1.0,MEDIUM,0 days 00:52:01.983000,0 days 00:52:33.483000
9,British Grand Prix,RUS,34.0,2.0,HARD,0 days 00:58:20.856000,0 days 00:58:49.156000
9,British Grand Prix,ANT,35.0,1.0,MEDIUM,0 days 00:59:25.087000,0 days 00:59:53.987000
9,British Grand Prix,HUL,34.0,2.0,HARD,0 days 00:59:28.796000,0 days 01:00:04.596000
9,British Grand Prix,PIA,36.0,2.0,HARD,0 days 01:02:44.835000,0 days 01:03:14.335000
9,British Grand Prix,ALB,35.0,4.0,SOFT,0 days 01:03:32.875000,0 days 01:04:04.275000
9,British Grand Prix,VER,38.0,2.0,HARD,0 days 01:04:38.769000,0 days 01:05:07.669000
9,British Grand Prix,NOR,38.0,2.0,HARD,0 days 01:04:55.474000,0 days 01:05:25.274000
9,British Grand Prix,HAD,38.0,2.0,HARD,0 days 01:05:14.352000,0 days 01:05:50.752000
9,British Grand Prix,ANT,41.0,2.0,HARD,0 days 01:09:41.585000,0 days 01:10:22.785000
9,British Grand Prix,ALB,40.0,5.0,SOFT,0 days 01:12:16.429000,0 days 01:12:48.929000
9,British Grand Prix,ANT,43.0,3.0,MEDIUM,0 days 01:13:31.663000,0 days 01:14:05.263000
9,British Grand Prix,HAD,47.0,3.0,MEDIUM,0 days 01:19:36.825000,0 days 01:20:06.425000
9,British Grand Prix,PER,46.0,2.0,HARD,0 days 01:19:42.582000,0 days 01:20:12.382000
9,British Grand Prix,LAW,47.0,2.0,HARD,0 days 01:19:57.160000,0 days 01:20:25.660000
9,British Grand Prix,LIN,47.0,2.0,HARD,0 days 01:20:03.631000,0 days 01:20:35.731000
9,British Grand Prix,BOR,47.0,2.0,HARD,0 days 01:20:09.066000,0 days 01:20:38.966000
9,British Grand Prix,BOT,46.0,2.0,HARD,0 days 01:20:26.714000,0 days 01:20:56.214000
9,British Grand Prix,COL,47.0,2.0,HARD,0 days 01:20:31.463000,0 days 01:21:00.863000
9,British Grand Prix,LEC,48.0,2.0,HARD,0 days 01:20:34.854000,0 days 01:21:03.654000
9,British Grand Prix,HAM,48.0,2.0,HARD,0 days 01:21:02.149000,0 days 01:21:30.849000
9,British Grand Prix,PIA,47.0,3.0,MEDIUM,0 days 01:21:03.857000,0 days 01:21:32.857000
9,British Grand Prix,ALO,46.0,2.0,HARD,0 days 01:21:17.735000,0 days 01:21:47.635000
9,British Grand Prix,BEA,47.0,2.0,HARD,0 days 01:21:26.513000,0 days 01:21:56.713000
9,British Grand Prix,NOR,48.0,3.0,MEDIUM,0 days 01:21:31.210000,0 days 01:21:59.610000
9,British Grand Prix,OCO,47.0,2.0,HARD,0 days 01:21:33.609000,0 days 01:22:04.809000
9,British Grand Prix,STR,46.0,2.0,HARD,0 days 01:21:40.753000,0 days 01:22:26.953000
9,British Grand Prix,GAS,48.0,2.0,HARD,0 days 01:22:41.160000,0 days 01:23:09.860000
9,British Grand Prix,SAI,48.0,2.0,HARD,0 days 01:23:19.064000,0 days 01:23:48.264000
10,Belgian Grand Prix,HAD,1.0,1.0,HARD,0 days 00:06:46.970000,0 days 00:07:11.126000
10,Belgian Grand Prix,BEA,1.0,1.0,MEDIUM,0 days 00:06:48.812000,0 days 00:07:15.366000
10,Belgian Grand Prix,PER,1.0,1.0,HARD,0 days 00:06:49.762000,0 days 00:07:15.134000
10,Belgian Grand Prix,BOT,1.0,1.0,SOFT,0 days 00:06:58.031000,0 days 00:07:28.625000
10,Belgian Grand Prix,OCO,1.0,1.0,MEDIUM,0 days 00:07:06.712000,0 days 00:07:40.452000
10,Belgian Grand Prix,HAD,2.0,2.0,MEDIUM,0 days 00:09:26.425000,0 days 00:09:49.422000
10,Belgian Grand Prix,PER,12.0,2.0,SOFT,0 days 00:30:09.549000,0 days 00:30:37.166000
10,Belgian Grand Prix,GAS,14.0,1.0,MEDIUM,0 days 00:33:19.807000,0 days 00:33:43.984000
10,Belgian Grand Prix,SAI,14.0,1.0,SOFT,0 days 00:33:42.400000,0 days 00:34:17.241000
10,Belgian Grand Prix,LAW,15.0,1.0,MEDIUM,0 days 00:35:10.554999999,0 days 00:35:34.276999999
10,Belgian Grand Prix,COL,15.0,1.0,MEDIUM,0 days 00:35:14.306000,0 days 00:35:38.452000
10,Belgian Grand Prix,LIN,16.0,1.0,MEDIUM,0 days 00:37:02.469000,0 days 00:37:27.279000
10,Belgian Grand Prix,OCO,16.0,2.0,HARD,0 days 00:37:26.226000,0 days 00:37:50.350000
10,Belgian Grand Prix,VER,17.0,1.0,MEDIUM,0 days 00:38:36.203000,0 days 00:38:59.331000
10,Belgian Grand Prix,STR,17.0,1.0,HARD,0 days 00:40:00.392000,0 days 00:40:32.041000
10,Belgian Grand Prix,ANT,18.0,1.0,MEDIUM,0 days 00:40:35.827000,0 days 00:40:58.920000
10,Belgian Grand Prix,ALB,18.0,1.0,MEDIUM,0 days 00:41:12.806000,0 days 00:41:35.444000
10,Belgian Grand Prix,ALO,19.0,1.0,HARD,0 days 00:43:52.834000,0 days 00:44:16.024000
10,Belgian Grand Prix,LEC,20.0,1.0,MEDIUM,0 days 00:44:36.129000,0 days 00:44:59.293000
10,Belgian Grand Prix,PIA,20.0,1.0,MEDIUM,0 days 00:44:45.881000,0 days 00:45:09.173000
10,Belgian Grand Prix,HAM,20.0,1.0,MEDIUM,0 days 00:44:50.764000,0 days 00:45:22.965000
10,Belgian Grand Prix,HAD,20.0,3.0,HARD,0 days 00:45:02.530000,0 days 00:45:27.257000
10,Belgian Grand Prix,BOR,20.0,1.0,MEDIUM,0 days 00:45:05.930000,0 days 00:45:29.057000
10,Belgian Grand Prix,HUL,20.0,1.0,MEDIUM,0 days 00:45:12.467000,0 days 00:45:38.565000
10,Belgian Grand Prix,BEA,20.0,2.0,HARD,0 days 00:45:28.693000,0 days 00:45:57.675000
10,Belgian Grand Prix,NOR,30.0,1.0,HARD,0 days 01:03:34.566000,0 days 01:04:02.880000
10,Belgian Grand Prix,ALO,31.0,2.0,SOFT,0 days 01:07:43.290000,0 days 01:08:08.036000
10,Belgian Grand Prix,BOT,32.0,2.0,HARD,0 days 01:08:56.694000,0 days 01:09:22.604000
11,Hungarian Grand Prix,STR,8.0,1.0,SOFT,0 days 00:15:41.346000,0 days 00:16:03.046000
11,Hungarian Grand Prix,HAM,13.0,1.0,SOFT,0 days 00:22:21.620000,0 days 00:22:43.320000
11,Hungarian Grand Prix,VER,14.0,1.0,MEDIUM,0 days 00:23:46.669000,0 days 00:24:08.269000
11,Hungarian Grand Prix,COL,15.0,1.0,MEDIUM,0 days 00:25:55.040000,0 days 00:26:17.940000
11,Hungarian Grand Prix,PIA,16.0,1.0,MEDIUM,0 days 00:26:33.852000,0 days 00:26:55.552000
11,Hungarian Grand Prix,LEC,16.0,1.0,SOFT,0 days 00:26:41.676000,0 days 00:27:03.576000
11,Hungarian Grand Prix,GAS,16.0,1.0,MEDIUM,0 days 00:27:14.786000,0 days 00:27:36.186000
11,Hungarian Grand Prix,NOR,17.0,1.0,MEDIUM,0 days 00:28:00.540000,0 days 00:28:22.640000
11,Hungarian Grand Prix,OCO,17.0,1.0,MEDIUM,0 days 00:28:49.903000,0 days 00:29:12.403000
11,Hungarian Grand Prix,SAI,18.0,1.0,SOFT,0 days 00:30:22.324000,0 days 00:30:43.924000
11,Hungarian Grand Prix,HAD,19.0,1.0,MEDIUM,0 days 00:31:16.420000,0 days 00:31:38.220000
11,Hungarian Grand Prix,HUL,19.0,1.0,MEDIUM,0 days 00:31:30.310000,0 days 00:31:51.710000
11,Hungarian Grand Prix,LIN,20.0,1.0,MEDIUM,0 days 00:32:55.402000,0 days 00:33:16.702000
11,Hungarian Grand Prix,LAW,21.0,1.0,MEDIUM,0 days 00:34:20.885000,0 days 00:34:42.785000
11,Hungarian Grand Prix,PER,21.0,2.0,MEDIUM,0 days 00:35:15.179000,0 days 00:35:38.379000
11,Hungarian Grand Prix,ANT,22.0,1.0,MEDIUM,0 days 00:35:16.641999999,0 days 00:35:37.941999999
11,Hungarian Grand Prix,BEA,22.0,1.0,MEDIUM,0 days 00:36:16.382000,0 days 00:36:38.882000
11,Hungarian Grand Prix,ALB,26.0,1.0,MEDIUM,0 days 00:42:20.136000,0 days 00:42:42.236000
11,Hungarian Grand Prix,RUS,27.0,1.0,MEDIUM,0 days 00:42:56.696000,0 days 00:43:18.896000
11,Hungarian Grand Prix,BOR,29.0,1.0,SOFT,0 days 00:46:11.589000,0 days 00:46:33.289000
11,Hungarian Grand Prix,HAM,30.0,2.0,HARD,0 days 00:46:55.302000,0 days 00:47:16.902000
11,Hungarian Grand Prix,PIA,33.0,2.0,HARD,0 days 00:51:04.546000,0 days 00:51:26.246000
11,Hungarian Grand Prix,ALO,34.0,1.0,SOFT,0 days 00:53:49.332000,0 days 00:54:11.432000
11,Hungarian Grand Prix,OCO,35.0,2.0,HARD,0 days 00:55:29.069000,0 days 00:55:51.369000
11,Hungarian Grand Prix,LEC,36.0,2.0,HARD,0 days 00:55:31.438000,0 days 00:55:53.138000
11,Hungarian Grand Prix,STR,37.0,2.0,MEDIUM,0 days 00:58:17.740000,0 days 00:58:41.940000
11,Hungarian Grand Prix,COL,37.0,2.0,HARD,0 days 00:58:20.671000,0 days 00:58:42.871000
11,Hungarian Grand Prix,HUL,39.0,2.0,HARD,0 days 01:00:41.461000,0 days 01:01:03.561000
11,Hungarian Grand Prix,GAS,39.0,2.0,HARD,0 days 01:00:56.586000,0 days 01:01:18.086000
11,Hungarian Grand Prix,VER,41.0,2.0,HARD,0 days 01:02:34.058000,0 days 01:02:56.058000
11,Hungarian Grand Prix,HAD,42.0,2.0,HARD,0 days 01:04:31.983000,0 days 01:04:54.183000
11,Hungarian Grand Prix,LAW,42.0,2.0,HARD,0 days 01:04:54.514000,0 days 01:05:16.014000
11,Hungarian Grand Prix,BEA,42.0,2.0,HARD,0 days 01:06:05.054000,0 days 01:06:27.354000
11,Hungarian Grand Prix,SAI,43.0,2.0,MEDIUM,0 days 01:07:30.243000,0 days 01:07:58.843000
11,Hungarian Grand Prix,PER,46.0,2.0,MEDIUM,0 days 01:12:30.716000,0 days 01:12:54.916000
11,Hungarian Grand Prix,ANT,53.0,2.0,HARD,0 days 01:19:33.974000,0 days 01:19:55.274000
11,Hungarian Grand Prix,RUS,54.0,2.0,HARD,0 days 01:21:36.025000,0 days 01:21:58.025000
11,Hungarian Grand Prix,ALB,54.0,2.0,HARD,0 days 01:23:39.271000,0 days 01:24:01.971000
11,Hungarian Grand Prix,NOR,56.0,3.0,,0 days 01:23:44.520000,0 days 01:24:06.320000
11,Hungarian Grand Prix,SAI,54.0,3.0,SOFT,0 days 01:23:47.468000,0 days 01:24:09.468000
11,Hungarian Grand Prix,HAM,56.0,3.0,HARD,0 days 01:24:03.700000,0 days 01:24:26.100000
11,Hungarian Grand Prix,LEC,56.0,3.0,HARD,0 days 01:24:17.788000,0 days 01:24:39.688000
11,Hungarian Grand Prix,GAS,55.0,3.0,HARD,0 days 01:24:28.241000,0 days 01:24:49.941000
11,Hungarian Grand Prix,ALO,55.0,2.0,MEDIUM,0 days 01:24:38.573000,0 days 01:25:01.173000
