Round,EventName,Driver,Stint,Compound,StintStartLap,StintEndLap,TotalLapsOnStint
1,Australian Grand Prix,ALB,1.0,MEDIUM,1.0,12.0,12
1,Australian Grand Prix,ALB,2.0,HARD,13.0,33.0,21
1,Australian Grand Prix,ALB,3.0,SOFT,34.0,57.0,24
1,Australian Grand Prix,ALO,1.0,SOFT,1.0,11.0,11
1,Australian Grand Prix,ALO,2.0,SOFT,12.0,13.0,2
1,Australian Grand Prix,ALO,3.0,SOFT,14.0,22.0,9
1,Australian Grand Prix,ANT,1.0,MEDIUM,1.0,12.0,12
1,Australian Grand Prix,ANT,2.0,HARD,13.0,58.0,46
1,Australian Grand Prix,BEA,1.0,MEDIUM,1.0,18.0,18
1,Australian Grand Prix,BEA,2.0,HARD,19.0,57.0,39
1,Australian Grand Prix,BOR,1.0,MEDIUM,1.0,18.0,18
1,Australian Grand Prix,BOR,2.0,HARD,19.0,33.0,15
1,Australian Grand Prix,BOR,3.0,HARD,34.0,57.0,24
1,Australian Grand Prix,BOT,1.0,HARD,1.0,12.0,12
1,Australian Grand Prix,BOT,2.0,HARD,13.0,16.0,4
1,Australian Grand Prix,COL,1.0,HARD,1.0,9.0,9
1,Australian Grand Prix,COL,2.0,HARD,10.0,46.0,37
1,Australian Grand Prix,COL,3.0,SOFT,47.0,56.0,10
1,Australian Grand Prix,GAS,1.0,MEDIUM,1.0,11.0,11
1,Australian Grand Prix,GAS,2.0,HARD,12.0,57.0,46
1,Australian Grand Prix,HAD,1.0,MEDIUM,1.0,11.0,11
1,Australian Grand Prix,HAM,1.0,MEDIUM,1.0,28.0,28
1,Australian Grand Prix,HAM,2.0,HARD,29.0,58.0,30
1,Australian Grand Prix,LAW,1.0,MEDIUM,1.0,11.0,11
1,Australian Grand Prix,LAW,2.0,HARD,12.0,33.0,22
1,Australian Grand Prix,LAW,3.0,SOFT,34.0,57.0,24
1,Australian Grand Prix,LEC,1.0,MEDIUM,1.0,25.0,25
1,Australian Grand Prix,LEC,2.0,HARD,26.0,58.0,33
1,Australian Grand Prix,LIN,1.0,MEDIUM,1.0,18.0,18
1,Australian Grand Prix,LIN,2.0,HARD,19.0,57.0,39
1,Australian Grand Prix,NOR,1.0,MEDIUM,1.0,11.0,11
1,Australian Grand Prix,NOR,2.0,HARD,12.0,34.0,23
1,Australian Grand Prix,NOR,3.0,MEDIUM,35.0,58.0,24
1,Australian Grand Prix,OCO,1.0,MEDIUM,1.0,11.0,11
1,Australian Grand Prix,OCO,2.0,HARD,12.0,57.0,46
1,Australian Grand Prix,PER,1.0,MEDIUM,1.0,18.0,18
1,Australian Grand Prix,PER,2.0,HARD,19.0,43.0,25
1,Australian Grand Prix,PER,3.0,SOFT,44.0,55.0,12
1,Australian Grand Prix,RUS,1.0,MEDIUM,1.0,12.0,12
1,Australian Grand Prix,RUS,2.0,HARD,13.0,58.0,46
1,Australian Grand Prix,SAI,1.0,SOFT,1.0,11.0,11
1,Australian Grand Prix,SAI,2.0,HARD,12.0,33.0,22
1,Australian Grand Prix,SAI,3.0,MEDIUM,34.0,45.0,12
1,Australian Grand Prix,SAI,4.0,SOFT,46.0,56.0,11
1,Australian Grand Prix,STR,1.0,MEDIUM,1.0,11.0,11
1,Australian Grand Prix,STR,2.0,HARD,12.0,26.0,15
1,Australian Grand Prix,STR,3.0,SOFT,27.0,34.0,8
1,Australian Grand Prix,STR,4.0,SOFT,35.0,39.0,5
1,Australian Grand Prix,STR,5.0,SOFT,40.0,43.0,4
1,Australian Grand Prix,VER,1.0,HARD,1.0,18.0,18
1,Australian Grand Prix,VER,2.0,MEDIUM,19.0,41.0,23
1,Australian Grand Prix,VER,3.0,HARD,42.0,58.0,17
2,Chinese Grand Prix,ALO,1.0,HARD,1.0,31.0,31
2,Chinese Grand Prix,ALO,2.0,MEDIUM,32.0,32.0,1
2,Chinese Grand Prix,ANT,1.0,MEDIUM,1.0,10.0,10
2,Chinese Grand Prix,ANT,2.0,HARD,11.0,56.0,46
2,Chinese Grand Prix,BEA,1.0,MEDIUM,1.0,10.0,10
2,Chinese Grand Prix,BEA,2.0,HARD,11.0,56.0,46
2,Chinese Grand Prix,BOT,1.0,MEDIUM,1.0,10.0,10
2,Chinese Grand Prix,BOT,2.0,HARD,11.0,55.0,45
2,Chinese Grand Prix,COL,1.0,HARD,1.0,32.0,32
2,Chinese Grand Prix,COL,2.0,MEDIUM,33.0,55.0,23
2,Chinese Grand Prix,GAS,1.0,MEDIUM,1.0,10.0,10
2,Chinese Grand Prix,GAS,2.0,HARD,11.0,56.0,46
2,Chinese Grand Prix,HAD,1.0,SOFT,1.0,1.0,1
2,Chinese Grand Prix,HAD,2.0,HARD,2.0,10.0,9
2,Chinese Grand Prix,HAD,3.0,HARD,11.0,56.0,46
2,Chinese Grand Prix,HAM,1.0,MEDIUM,1.0,10.0,10
2,Chinese Grand Prix,HAM,2.0,HARD,11.0,56.0,46
2,Chinese Grand Prix,HUL,1.0,HARD,1.0,35.0,35
2,Chinese Grand Prix,HUL,2.0,MEDIUM,36.0,55.0,20
2,Chinese Grand Prix,LAW,1.0,MEDIUM,1.0,9.0,9
2,Chinese Grand Prix,LAW,2.0,HARD,10.0,56.0,47
2,Chinese Grand Prix,LEC,1.0,MEDIUM,1.0,10.0,10
2,Chinese Grand Prix,LEC,2.0,HARD,11.0,56.0,46
2,Chinese Grand Prix,LIN,1.0,HARD,1.0,42.0,42
2,Chinese Grand Prix,LIN,2.0,MEDIUM,43.0,55.0,13
2,Chinese Grand Prix,OCO,1.0,HARD,1.0,29.0,29
2,Chinese Grand Prix,OCO,2.0,MEDIUM,30.0,46.0,17
2,Chinese Grand Prix,OCO,3.0,SOFT,47.0,55.0,9
2,Chinese Grand Prix,PER,1.0,MEDIUM,1.0,11.0,11
2,Chinese Grand Prix,PER,2.0,HARD,12.0,55.0,44
2,Chinese Grand Prix,RUS,1.0,MEDIUM,1.0,10.0,10
2,Chinese Grand Prix,RUS,2.0,HARD,11.0,56.0,46
2,Chinese Grand Prix,SAI,1.0,MEDIUM,1.0,9.0,9
2,Chinese Grand Prix,SAI,2.0,HARD,10.0,55.0,46
2,Chinese Grand Prix,STR,1.0,HARD,1.0,10.0,10
2,Chinese Grand Prix,VER,1.0,SOFT,1.0,9.0,9
2,Chinese Grand Prix,VER,2.0,HARD,10.0,45.0,36
3,Japanese Grand Prix,ALB,1.0,MEDIUM,1.0,22.0,22
3,Japanese Grand Prix,ALB,2.0,HARD,23.0,45.0,23
3,Japanese Grand Prix,ALB,3.0,SOFT,46.0,46.0,1
3,Japanese Grand Prix,ALB,4.0,SOFT,47.0,47.0,1
3,Japanese Grand Prix,ALB,5.0,SOFT,48.0,48.0,1
3,Japanese Grand Prix,ALB,6.0,SOFT,49.0,49.0,1
3,Japanese Grand Prix,ALB,7.0,MEDIUM,50.0,51.0,2
3,Japanese Grand Prix,ALO,1.0,MEDIUM,1.0,21.0,21
3,Japanese Grand Prix,ALO,2.0,HARD,22.0,23.0,2
3,Japanese Grand Prix,ALO,3.0,MEDIUM,24.0,52.0,29
3,Japanese Grand Prix,ANT,1.0,MEDIUM,1.0,22.0,22
3,Japanese Grand Prix,ANT,2.0,HARD,23.0,53.0,31
3,Japanese Grand Prix,BEA,1.0,MEDIUM,1.0,16.0,16
3,Japanese Grand Prix,BEA,2.0,HARD,17.0,21.0,5
3,Japanese Grand Prix,BOR,1.0,MEDIUM,1.0,22.0,22
3,Japanese Grand Prix,BOR,2.0,HARD,23.0,53.0,31
3,Japanese Grand Prix,BOT,1.0,HARD,1.0,19.0,19
3,Japanese Grand Prix,BOT,2.0,MEDIUM,20.0,52.0,33
3,Japanese Grand Prix,COL,1.0,MEDIUM,1.0,17.0,17
3,Japanese Grand Prix,COL,2.0,HARD,18.0,53.0,36
3,Japanese Grand Prix,GAS,1.0,MEDIUM,1.0,22.0,22
3,Japanese Grand Prix,GAS,2.0,HARD,23.0,53.0,31
3,Japanese Grand Prix,HAD,1.0,MEDIUM,1.0,19.0,19
3,Japanese Grand Prix,HAD,2.0,HARD,20.0,53.0,34
3,Japanese Grand Prix,HAM,1.0,MEDIUM,1.0,22.0,22
3,Japanese Grand Prix,HAM,2.0,HARD,23.0,53.0,31
3,Japanese Grand Prix,HUL,1.0,MEDIUM,1.0,23.0,23
3,Japanese Grand Prix,HUL,2.0,HARD,24.0,53.0,30
3,Japanese Grand Prix,LAW,1.0,MEDIUM,1.0,22.0,22
3,Japanese Grand Prix,LAW,2.0,HARD,23.0,53.0,31
3,Japanese Grand Prix,LEC,1.0,MEDIUM,1.0,17.0,17
3,Japanese Grand Prix,LEC,2.0,HARD,18.0,53.0,36
3,Japanese Grand Prix,LIN,1.0,MEDIUM,1.0,18.0,18
3,Japanese Grand Prix,LIN,2.0,HARD,19.0,53.0,35
3,Japanese Grand Prix,NOR,1.0,MEDIUM,1.0,16.0,16
3,Japanese Grand Prix,NOR,2.0,HARD,17.0,53.0,37
3,Japanese Grand Prix,OCO,1.0,MEDIUM,1.0,19.0,19
3,Japanese Grand Prix,OCO,2.0,HARD,20.0,53.0,34
3,Japanese Grand Prix,PER,1.0,MEDIUM,1.0,21.0,21
3,Japanese Grand Prix,PER,2.0,HARD,22.0,53.0,32
3,Japanese Grand Prix,PIA,1.0,MEDIUM,1.0,18.0,18
3,Japanese Grand Prix,PIA,2.0,HARD,19.0,53.0,35
3,Japanese Grand Prix,RUS,1.0,MEDIUM,1.0,21.0,21
3,Japanese Grand Prix,RUS,2.0,HARD,22.0,53.0,32
3,Japanese Grand Prix,SAI,1.0,MEDIUM,1.0,22.0,22
3,Japanese Grand Prix,SAI,2.0,HARD,23.0,53.0,31
3,Japanese Grand Prix,STR,1.0,MEDIUM,1.0,21.0,21
3,Japanese Grand Prix,STR,2.0,HARD,22.0,24.0,3
3,Japanese Grand Prix,STR,3.0,MEDIUM,25.0,30.0,6
3,Japanese Grand Prix,VER,1.0,MEDIUM,1.0,22.0,22
3,Japanese Grand Prix,VER,2.0,HARD,23.0,53.0,31
4,Miami Grand Prix,ALB,1.0,MEDIUM,1.0,27.0,27
4,Miami Grand Prix,ALB,2.0,HARD,28.0,57.0,30
4,Miami Grand Prix,ALO,1.0,MEDIUM,1.0,41.0,41
4,Miami Grand Prix,ALO,2.0,SOFT,42.0,56.0,15
4,Miami Grand Prix,ANT,1.0,MEDIUM,1.0,26.0,26
4,Miami Grand Prix,ANT,2.0,HARD,27.0,57.0,31
4,Miami Grand Prix,BEA,1.0,MEDIUM,1.0,26.0,26
4,Miami Grand Prix,BEA,2.0,HARD,27.0,56.0,30
4,Miami Grand Prix,BOR,1.0,MEDIUM,1.0,32.0,32
4,Miami Grand Prix,BOR,2.0,HARD,33.0,56.0,24
4,Miami Grand Prix,BOT,1.0,MEDIUM,1.0,6.0,6
4,Miami Grand Prix,BOT,2.0,SOFT,7.0,21.0,15
4,Miami Grand Prix,BOT,3.0,MEDIUM,22.0,30.0,9
4,Miami Grand Prix,BOT,4.0,MEDIUM,31.0,55.0,25
4,Miami Grand Prix,COL,1.0,MEDIUM,1.0,31.0,31
4,Miami Grand Prix,COL,2.0,HARD,32.0,57.0,26
4,Miami Grand Prix,GAS,1.0,MEDIUM,1.0,5.0,5
4,Miami Grand Prix,HAD,1.0,HARD,1.0,5.0,5
4,Miami Grand Prix,HAM,1.0,MEDIUM,1.0,27.0,27
4,Miami Grand Prix,HAM,2.0,HARD,28.0,57.0,30
4,Miami Grand Prix,HUL,1.0,MEDIUM,1.0,1.0,1
4,Miami Grand Prix,HUL,2.0,MEDIUM,2.0,7.0,6
4,Miami Grand Prix,LAW,1.0,MEDIUM,1.0,6.0,6
4,Miami Grand Prix,LEC,1.0,MEDIUM,1.0,21.0,21
4,Miami Grand Prix,LEC,2.0,HARD,22.0,57.0,36
4,Miami Grand Prix,LIN,1.0,MEDIUM,1.0,28.0,28
4,Miami Grand Prix,LIN,2.0,HARD,29.0,56.0,28
4,Miami Grand Prix,NOR,1.0,MEDIUM,1.0,27.0,27
4,Miami Grand Prix,NOR,2.0,HARD,28.0,57.0,30
4,Miami Grand Prix,OCO,1.0,MEDIUM,1.0,31.0,31
4,Miami Grand Prix,OCO,2.0,HARD,32.0,56.0,25
4,Miami Grand Prix,PER,1.0,MEDIUM,1.0,29.0,29
4,Miami Grand Prix,PER,2.0,HARD,30.0,56.0,27
4,Miami Grand Prix,PIA,1.0,MEDIUM,1.0,28.0,28
4,Miami Grand Prix,PIA,2.0,HARD,29.0,57.0,29
4,Miami Grand Prix,RUS,1.0,MEDIUM,1.0,20.0,20
4,Miami Grand Prix,RUS,2.0,HARD,21.0,57.0,37
4,Miami Grand Prix,SAI,1.0,MEDIUM,1.0,28.0,28
4,Miami Grand Prix,SAI,2.0,HARD,29.0,57.0,29
4,Miami Grand Prix,STR,1.0,MEDIUM,1.0,21.0,21
4,Miami Grand Prix,STR,2.0,SOFT,22.0,37.0,16
4,Miami Grand Prix,STR,3.0,SOFT,38.0,56.0,19
4,Miami Grand Prix,VER,1.0,MEDIUM,1.0,6.0,6
4,Miami Grand Prix,VER,2.0,HARD,7.0,57.0,51
5,Canadian Grand Prix,ALB,1.0,SOFT,1.0,12.0,12
5,Canadian Grand Prix,ALO,1.0,SOFT,1.0,20.0,20
5,Canadian Grand Prix,ALO,2.0,SOFT,21.0,24.0,4
5,Canadian Grand Prix,ANT,1.0,SOFT,1.0,31.0,31
5,Canadian Grand Prix,ANT,2.0,MEDIUM,32.0,68.0,37
5,Canadian Grand Prix,BEA,1.0,SOFT,1.0,30.0,30
5,Canadian Grand Prix,BEA,2.0,MEDIUM,31.0,67.0,37
5,Canadian Grand Prix,BOR,1.0,INTERMEDIATE,1.0,2.0,2
5,Canadian Grand Prix,BOR,2.0,SOFT,3.0,18.0,16
5,Canadian Grand Prix,BOR,3.0,MEDIUM,19.0,66.0,48
5,Canadian Grand Prix,BOT,1.0,INTERMEDIATE,1.0,3.0,3
5,Canadian Grand Prix,BOT,2.0,SOFT,4.0,9.0,6
5,Canadian Grand Prix,BOT,3.0,MEDIUM,10.0,29.0,20
5,Canadian Grand Prix,BOT,4.0,SOFT,30.0,49.0,20
5,Canadian Grand Prix,BOT,5.0,MEDIUM,50.0,64.0,15
5,Canadian Grand Prix,COL,1.0,MEDIUM,1.0,30.0,30
5,Canadian Grand Prix,COL,2.0,HARD,31.0,67.0,37
5,Canadian Grand Prix,GAS,1.0,MEDIUM,1.0,30.0,30
5,Canadian Grand Prix,GAS,2.0,HARD,31.0,67.0,37
5,Canadian Grand Prix,HAD,1.0,SOFT,1.0,31.0,31
5,Canadian Grand Prix,HAD,2.0,MEDIUM,32.0,52.0,21
5,Canadian Grand Prix,HAD,3.0,SOFT,53.0,62.0,10
5,Canadian Grand Prix,HAD,4.0,SOFT,63.0,67.0,5
5,Canadian Grand Prix,HAM,1.0,SOFT,1.0,31.0,31
5,Canadian Grand Prix,HAM,2.0,MEDIUM,32.0,68.0,37
5,Canadian Grand Prix,HUL,1.0,INTERMEDIATE,1.0,2.0,2
5,Canadian Grand Prix,HUL,2.0,SOFT,3.0,20.0,18
5,Canadian Grand Prix,HUL,3.0,MEDIUM,21.0,66.0,46
5,Canadian Grand Prix,LAW,1.0,MEDIUM,1.0,30.0,30
5,Canadian Grand Prix,LAW,2.0,SOFT,31.0,67.0,37
5,Canadian Grand Prix,LEC,1.0,SOFT,1.0,31.0,31
5,Canadian Grand Prix,LEC,2.0,MEDIUM,32.0,68.0,37
5,Canadian Grand Prix,NOR,1.0,INTERMEDIATE,1.0,2.0,2
5,Canadian Grand Prix,NOR,2.0,MEDIUM,3.0,15.0,13
5,Canadian Grand Prix,NOR,3.0,MEDIUM,16.0,39.0,24
5,Canadian Grand Prix,OCO,1.0,SOFT,1.0,16.0,16
5,Canadian Grand Prix,OCO,2.0,MEDIUM,17.0,30.0,14
5,Canadian Grand Prix,OCO,3.0,SOFT,31.0,66.0,36
5,Canadian Grand Prix,PER,1.0,INTERMEDIATE,1.0,2.0,2
5,Canadian Grand Prix,PER,2.0,SOFT,3.0,15.0,13
5,Canadian Grand Prix,PER,3.0,MEDIUM,16.0,29.0,14
5,Canadian Grand Prix,PER,4.0,SOFT,30.0,40.0,11
5,Canadian Grand Prix,PIA,1.0,INTERMEDIATE,1.0,1.0,1
5,Canadian Grand Prix,PIA,2.0,MEDIUM,2.0,12.0,11
5,Canadian Grand Prix,PIA,3.0,MEDIUM,13.0,51.0,39
5,Canadian Grand Prix,PIA,4.0,SOFT,52.0,66.0,15
5,Canadian Grand Prix,RUS,1.0,SOFT,1.0,30.0,30
5,Canadian Grand Prix,SAI,1.0,INTERMEDIATE,1.0,2.0,2
5,Canadian Grand Prix,SAI,2.0,MEDIUM,3.0,30.0,28
5,Canadian Grand Prix,SAI,3.0,MEDIUM,31.0,67.0,37
5,Canadian Grand Prix,STR,1.0,SOFT,1.0,14.0,14
5,Canadian Grand Prix,STR,2.0,SOFT,15.0,49.0,35
5,Canadian Grand Prix,STR,3.0,MEDIUM,50.0,64.0,15
5,Canadian Grand Prix,VER,1.0,SOFT,1.0,31.0,31
5,Canadian Grand Prix,VER,2.0,MEDIUM,32.0,68.0,37
6,Monaco Grand Prix,ALB,1.0,MEDIUM,1.0,43.0,43
6,Monaco Grand Prix,ALB,2.0,SOFT,44.0,59.0,16
6,Monaco Grand Prix,ALB,3.0,SOFT,60.0,65.0,6
6,Monaco Grand Prix,ALB,4.0,SOFT,66.0,67.0,2
6,Monaco Grand Prix,ALB,5.0,SOFT,68.0,68.0,1
6,Monaco Grand Prix,ALB,6.0,SOFT,69.0,78.0,10
6,Monaco Grand Prix,ALO,1.0,MEDIUM,1.0,3.0,3
6,Monaco Grand Prix,ALO,2.0,SOFT,4.0,58.0,55
6,Monaco Grand Prix,ALO,3.0,SOFT,59.0,59.0,1
6,Monaco Grand Prix,ALO,4.0,SOFT,60.0,65.0,6
6,Monaco Grand Prix,ALO,5.0,SOFT,66.0,67.0,2
6,Monaco Grand Prix,ALO,6.0,SOFT,68.0,68.0,1
6,Monaco Grand Prix,ALO,7.0,SOFT,69.0,78.0,10
6,Monaco Grand Prix,ANT,1.0,MEDIUM,1.0,37.0,37
6,Monaco Grand Prix,ANT,2.0,HARD,38.0,61.0,24
6,Monaco Grand Prix,ANT,3.0,SOFT,62.0,66.0,5
6,Monaco Grand Prix,ANT,4.0,SOFT,67.0,68.0,2
6,Monaco Grand Prix,ANT,5.0,SOFT,69.0,78.0,10
6,Monaco Grand Prix,BEA,1.0,MEDIUM,1.0,1.0,1
6,Monaco Grand Prix,BEA,2.0,HARD,2.0,28.0,27
6,Monaco Grand Prix,BOR,1.0,SOFT,1.0,1.0,1
6,Monaco Grand Prix,BOR,2.0,HARD,2.0,43.0,42
6,Monaco Grand Prix,BOR,3.0,MEDIUM,44.0,58.0,15
6,Monaco Grand Prix,BOR,4.0,MEDIUM,59.0,59.0,1
6,Monaco Grand Prix,BOR,5.0,SOFT,60.0,65.0,6
6,Monaco Grand Prix,BOR,6.0,SOFT,66.0,67.0,2
6,Monaco Grand Prix,BOR,7.0,SOFT,68.0,68.0,1
6,Monaco Grand Prix,BOR,8.0,SOFT,69.0,78.0,10
6,Monaco Grand Prix,BOT,1.0,SOFT,1.0,1.0,1
6,Monaco Grand Prix,BOT,2.0,MEDIUM,2.0,16.0,15
6,Monaco Grand Prix,COL,1.0,MEDIUM,1.0,35.0,35
6,Monaco Grand Prix,COL,2.0,HARD,36.0,59.0,24
6,Monaco Grand Prix,COL,3.0,HARD,60.0,65.0,6
6,Monaco Grand Prix,COL,4.0,HARD,66.0,67.0,2
6,Monaco Grand Prix,COL,5.0,SOFT,68.0,68.0,1
6,Monaco Grand Prix,COL,6.0,SOFT,69.0,78.0,10
6,Monaco Grand Prix,GAS,1.0,MEDIUM,1.0,45.0,45
6,Monaco Grand Prix,GAS,2.0,HARD,46.0,60.0,15
6,Monaco Grand Prix,GAS,3.0,HARD,61.0,66.0,6
6,Monaco Grand Prix,GAS,4.0,HARD,67.0,68.0,2
6,Monaco Grand Prix,GAS,5.0,SOFT,69.0,78.0,10
6,Monaco Grand Prix,HAD,1.0,MEDIUM,1.0,32.0,32
6,Monaco Grand Prix,HAD,2.0,HARD,33.0,60.0,28
6,Monaco Grand Prix,HAD,3.0,HARD,61.0,66.0,6
6,Monaco Grand Prix,HAD,4.0,HARD,67.0,68.0,2
6,Monaco Grand Prix,HAD,5.0,SOFT,69.0,78.0,10
6,Monaco Grand Prix,HAM,1.0,MEDIUM,1.0,28.0,28
6,Monaco Grand Prix,HAM,2.0,HARD,29.0,60.0,32
6,Monaco Grand Prix,HAM,3.0,SOFT,61.0,61.0,1
6,Monaco Grand Prix,HAM,4.0,SOFT,62.0,66.0,5
6,Monaco Grand Prix,HAM,5.0,SOFT,67.0,68.0,2
6,Monaco Grand Prix,HAM,6.0,SOFT,69.0,78.0,10
6,Monaco Grand Prix,HUL,1.0,MEDIUM,1.0,12.0,12
6,Monaco Grand Prix,HUL,2.0,HARD,13.0,58.0,46
6,Monaco Grand Prix,HUL,3.0,HARD,59.0,59.0,1
6,Monaco Grand Prix,HUL,4.0,HARD,60.0,65.0,6
6,Monaco Grand Prix,HUL,5.0,HARD,66.0,67.0,2
6,Monaco Grand Prix,HUL,6.0,SOFT,68.0,68.0,1
6,Monaco Grand Prix,HUL,7.0,SOFT,69.0,78.0,10
6,Monaco Grand Prix,LAW,1.0,MEDIUM,1.0,44.0,44
6,Monaco Grand Prix,LAW,2.0,SOFT,45.0,60.0,16
6,Monaco Grand Prix,LAW,3.0,SOFT,61.0,66.0,6
6,Monaco Grand Prix,LAW,4.0,SOFT,67.0,68.0,2
6,Monaco Grand Prix,LAW,5.0,SOFT,69.0,78.0,10
6,Monaco Grand Prix,LEC,1.0,MEDIUM,1.0,35.0,35
6,Monaco Grand Prix,LEC,2.0,HARD,36.0,60.0,25
6,Monaco Grand Prix,LEC,3.0,SOFT,61.0,61.0,1
6,Monaco Grand Prix,LEC,4.0,SOFT,62.0,65.0,4
6,Monaco Grand Prix,LIN,1.0,MEDIUM,1.0,59.0,59
6,Monaco Grand Prix,LIN,2.0,MEDIUM,60.0,65.0,6
6,Monaco Grand Prix,LIN,3.0,MEDIUM,66.0,67.0,2
6,Monaco Grand Prix,LIN,4.0,SOFT,68.0,68.0,1
6,Monaco Grand Prix,LIN,5.0,SOFT,69.0,78.0,10
6,Monaco Grand Prix,NOR,1.0,MEDIUM,1.0,44.0,44
6,Monaco Grand Prix,OCO,1.0,MEDIUM,1.0,9.0,9
6,Monaco Grand Prix,OCO,2.0,HARD,10.0,59.0,50
6,Monaco Grand Prix,OCO,3.0,HARD,60.0,65.0,6
6,Monaco Grand Prix,OCO,4.0,HARD,66.0,67.0,2
6,Monaco Grand Prix,OCO,5.0,SOFT,68.0,68.0,1
6,Monaco Grand Prix,OCO,6.0,SOFT,69.0,78.0,10
6,Monaco Grand Prix,PER,1.0,SOFT,1.0,4.0,4
6,Monaco Grand Prix,PER,2.0,MEDIUM,5.0,9.0,5
6,Monaco Grand Prix,PER,3.0,MEDIUM,10.0,59.0,50
6,Monaco Grand Prix,PER,4.0,SOFT,60.0,65.0,6
6,Monaco Grand Prix,PER,5.0,SOFT,66.0,67.0,2
6,Monaco Grand Prix,PER,6.0,SOFT,68.0,68.0,1
6,Monaco Grand Prix,PER,7.0,SOFT,69.0,78.0,10
6,Monaco Grand Prix,PIA,1.0,MEDIUM,1.0,48.0,48
6,Monaco Grand Prix,PIA,2.0,HARD,49.0,59.0,11
6,Monaco Grand Prix,PIA,3.0,SOFT,60.0,60.0,1
6,Monaco Grand Prix,PIA,4.0,SOFT,61.0,66.0,6
6,Monaco Grand Prix,PIA,5.0,SOFT,67.0,68.0,2
6,Monaco Grand Prix,PIA,6.0,SOFT,69.0,78.0,10
6,Monaco Grand Prix,RUS,1.0,MEDIUM,1.0,31.0,31
6,Monaco Grand Prix,RUS,2.0,HARD,32.0,60.0,29
6,Monaco Grand Prix,RUS,3.0,SOFT,61.0,66.0,6
6,Monaco Grand Prix,RUS,4.0,SOFT,67.0,68.0,2
6,Monaco Grand Prix,RUS,5.0,SOFT,69.0,72.0,4
6,Monaco Grand Prix,RUS,6.0,SOFT,73.0,78.0,6
6,Monaco Grand Prix,SAI,1.0,MEDIUM,1.0,52.0,52
6,Monaco Grand Prix,SAI,2.0,SOFT,53.0,59.0,7
6,Monaco Grand Prix,SAI,3.0,SOFT,60.0,65.0,6
6,Monaco Grand Prix,SAI,4.0,SOFT,66.0,67.0,2
6,Monaco Grand Prix,SAI,5.0,SOFT,68.0,68.0,1
6,Monaco Grand Prix,SAI,6.0,SOFT,69.0,71.0,3
6,Monaco Grand Prix,STR,1.0,MEDIUM,1.0,4.0,4
6,Monaco Grand Prix,STR,2.0,SOFT,5.0,57.0,53
6,Monaco Grand Prix,VER,1.0,MEDIUM,1.0,1.0,1
7,Barcelona Grand Prix,ALB,1.0,MEDIUM,1.0,13.0,13
7,Barcelona Grand Prix,ALB,2.0,HARD,14.0,29.0,16
7,Barcelona Grand Prix,ALB,3.0,HARD,30.0,34.0,5
7,Barcelona Grand Prix,ALB,4.0,SOFT,35.0,50.0,16
7,Barcelona Grand Prix,ALB,5.0,SOFT,51.0,55.0,5
7,Barcelona Grand Prix,ALO,1.0,HARD,1.0,21.0,21
7,Barcelona Grand Prix,ALO,2.0,HARD,22.0,38.0,17
7,Barcelona Grand Prix,ANT,1.0,MEDIUM,1.0,14.0,14
7,Barcelona Grand Prix,ANT,2.0,HARD,15.0,37.0,23
7,Barcelona Grand Prix,ANT,3.0,HARD,38.0,62.0,25
7,Barcelona Grand Prix,BEA,1.0,MEDIUM,1.0,18.0,18
7,Barcelona Grand Prix,BEA,2.0,HARD,19.0,39.0,21
7,Barcelona Grand Prix,BEA,3.0,SOFT,40.0,60.0,21
7,Barcelona Grand Prix,BOR,1.0,MEDIUM,1.0,15.0,15
7,Barcelona Grand Prix,BOR,2.0,HARD,16.0,33.0,18
7,Barcelona Grand Prix,BOR,3.0,HARD,34.0,53.0,20
7,Barcelona Grand Prix,BOR,4.0,SOFT,54.0,64.0,11
7,Barcelona Grand Prix,BOT,1.0,MEDIUM,1.0,14.0,14
7,Barcelona Grand Prix,BOT,2.0,HARD,15.0,15.0,1
7,Barcelona Grand Prix,COL,1.0,SOFT,1.0,12.0,12
7,Barcelona Grand Prix,COL,2.0,HARD,13.0,34.0,22
7,Barcelona Grand Prix,COL,3.0,HARD,35.0,65.0,31
7,Barcelona Grand Prix,GAS,1.0,MEDIUM,1.0,14.0,14
7,Barcelona Grand Prix,GAS,2.0,HARD,15.0,40.0,26
7,Barcelona Grand Prix,GAS,3.0,HARD,41.0,65.0,25
7,Barcelona Grand Prix,HAD,1.0,MEDIUM,1.0,15.0,15
7,Barcelona Grand Prix,HAD,2.0,HARD,16.0,32.0,17
7,Barcelona Grand Prix,HAD,3.0,HARD,33.0,58.0,26
7,Barcelona Grand Prix,HAD,4.0,SOFT,59.0,65.0,7
7,Barcelona Grand Prix,HAM,1.0,SOFT,1.0,11.0,11
7,Barcelona Grand Prix,HAM,2.0,HARD,12.0,27.0,16
7,Barcelona Grand Prix,HAM,3.0,MEDIUM,28.0,41.0,14
7,Barcelona Grand Prix,HAM,4.0,HARD,42.0,66.0,25
7,Barcelona Grand Prix,HUL,1.0,SOFT,1.0,13.0,13
7,Barcelona Grand Prix,HUL,2.0,HARD,14.0,29.0,16
7,Barcelona Grand Prix,LAW,1.0,MEDIUM,1.0,11.0,11
7,Barcelona Grand Prix,LAW,2.0,HARD,12.0,35.0,24
7,Barcelona Grand Prix,LAW,3.0,HARD,36.0,65.0,30
7,Barcelona Grand Prix,LEC,1.0,MEDIUM,1.0,16.0,16
7,Barcelona Grand Prix,LEC,2.0,HARD,17.0,39.0,23
7,Barcelona Grand Prix,LEC,3.0,HARD,40.0,62.0,23
7,Barcelona Grand Prix,LIN,1.0,MEDIUM,1.0,22.0,22
7,Barcelona Grand Prix,LIN,2.0,HARD,23.0,37.0,15
7,Barcelona Grand Prix,LIN,3.0,HARD,38.0,65.0,28
7,Barcelona Grand Prix,NOR,1.0,MEDIUM,1.0,13.0,13
7,Barcelona Grand Prix,NOR,2.0,HARD,14.0,35.0,22
7,Barcelona Grand Prix,NOR,3.0,HARD,36.0,66.0,31
7,Barcelona Grand Prix,OCO,1.0,SOFT,1.0,13.0,13
7,Barcelona Grand Prix,OCO,2.0,HARD,14.0,34.0,21
7,Barcelona Grand Prix,OCO,3.0,MEDIUM,35.0,58.0,24
7,Barcelona Grand Prix,OCO,4.0,SOFT,59.0,64.0,6
7,Barcelona Grand Prix,PER,1.0,SOFT,1.0,12.0,12
7,Barcelona Grand Prix,PER,2.0,HARD,13.0,31.0,19
7,Barcelona Grand Prix,PER,3.0,HARD,32.0,39.0,8
7,Barcelona Grand Prix,PER,4.0,MEDIUM,40.0,63.0,24
7,Barcelona Grand Prix,PIA,1.0,MEDIUM,1.0,14.0,14
7,Barcelona Grand Prix,PIA,2.0,HARD,15.0,36.0,22
7,Barcelona Grand Prix,PIA,3.0,HARD,37.0,66.0,30
7,Barcelona Grand Prix,RUS,1.0,MEDIUM,1.0,12.0,12
7,Barcelona Grand Prix,RUS,2.0,HARD,13.0,36.0,24
7,Barcelona Grand Prix,RUS,3.0,HARD,37.0,66.0,30
7,Barcelona Grand Prix,SAI,1.0,SOFT,1.0,14.0,14
7,Barcelona Grand Prix,SAI,2.0,HARD,15.0,30.0,16
7,Barcelona Grand Prix,SAI,3.0,HARD,31.0,55.0,25
7,Barcelona Grand Prix,SAI,4.0,MEDIUM,56.0,64.0,9
7,Barcelona Grand Prix,STR,1.0,HARD,1.0,5.0,5
7,Barcelona Grand Prix,VER,1.0,SOFT,1.0,12.0,12
7,Barcelona Grand Prix,VER,2.0,MEDIUM,13.0,29.0,17
7,Barcelona Grand Prix,VER,3.0,HARD,30.0,40.0,11
7,Barcelona Grand Prix,VER,4.0,MEDIUM,41.0,66.0,26
8,Austrian Grand Prix,ALB,1.0,MEDIUM,1.0,18.0,18
8,Austrian Grand Prix,ALB,2.0,MEDIUM,19.0,37.0,19
8,Austrian Grand Prix,ALB,3.0,HARD,38.0,69.0,32
8,Austrian Grand Prix,ALO,1.0,MEDIUM,1.0,24.0,24
8,Austrian Grand Prix,ALO,2.0,SOFT,25.0,49.0,25
8,Austrian Grand Prix,ALO,3.0,SOFT,50.0,68.0,19
8,Austrian Grand Prix,ANT,1.0,MEDIUM,1.0,24.0,24
8,Austrian Grand Prix,ANT,2.0,HARD,25.0,51.0,27
8,Austrian Grand Prix,ANT,3.0,HARD,52.0,71.0,20
8,Austrian Grand Prix,BEA,1.0,MEDIUM,1.0,24.0,24
8,Austrian Grand Prix,BEA,2.0,HARD,25.0,45.0,21
8,Austrian Grand Prix,BEA,3.0,MEDIUM,46.0,70.0,25
8,Austrian Grand Prix,BOR,1.0,SOFT,1.0,17.0,17
8,Austrian Grand Prix,BOR,2.0,MEDIUM,18.0,44.0,27
8,Austrian Grand Prix,BOR,3.0,HARD,45.0,70.0,26
8,Austrian Grand Prix,BOT,1.0,MEDIUM,1.0,2.0,2
8,Austrian Grand Prix,COL,1.0,MEDIUM,1.0,20.0,20
8,Austrian Grand Prix,COL,2.0,HARD,21.0,46.0,26
8,Austrian Grand Prix,COL,3.0,MEDIUM,47.0,70.0,24
8,Austrian Grand Prix,GAS,1.0,MEDIUM,1.0,13.0,13
8,Austrian Grand Prix,GAS,2.0,HARD,14.0,38.0,25
8,Austrian Grand Prix,GAS,3.0,MEDIUM,39.0,51.0,13
8,Austrian Grand Prix,GAS,4.0,SOFT,52.0,70.0,19
8,Austrian Grand Prix,HAD,1.0,MEDIUM,1.0,18.0,18
8,Austrian Grand Prix,HAD,2.0,MEDIUM,19.0,40.0,22
8,Austrian Grand Prix,HAD,3.0,HARD,41.0,71.0,31
8,Austrian Grand Prix,HAM,1.0,MEDIUM,1.0,12.0,12
8,Austrian Grand Prix,HAM,2.0,HARD,13.0,25.0,13
8,Austrian Grand Prix,HAM,3.0,SOFT,26.0,42.0,17
8,Austrian Grand Prix,HAM,4.0,HARD,43.0,71.0,29
8,Austrian Grand Prix,HUL,1.0,MEDIUM,1.0,21.0,21
8,Austrian Grand Prix,HUL,2.0,MEDIUM,22.0,45.0,24
8,Austrian Grand Prix,HUL,3.0,HARD,46.0,70.0,25
8,Austrian Grand Prix,LAW,1.0,MEDIUM,1.0,19.0,19
8,Austrian Grand Prix,LAW,2.0,HARD,20.0,45.0,26
8,Austrian Grand Prix,LAW,3.0,MEDIUM,46.0,70.0,25
8,Austrian Grand Prix,LEC,1.0,MEDIUM,1.0,13.0,13
8,Austrian Grand Prix,LEC,2.0,HARD,14.0,37.0,24
8,Austrian Grand Prix,LEC,3.0,HARD,38.0,59.0,22
8,Austrian Grand Prix,LEC,4.0,SOFT,60.0,71.0,12
8,Austrian Grand Prix,LIN,1.0,MEDIUM,1.0,18.0,18
8,Austrian Grand Prix,LIN,2.0,HARD,19.0,46.0,28
8,Austrian Grand Prix,LIN,3.0,MEDIUM,47.0,70.0,24
8,Austrian Grand Prix,NOR,1.0,MEDIUM,1.0,21.0,21
8,Austrian Grand Prix,NOR,2.0,HARD,22.0,47.0,26
8,Austrian Grand Prix,NOR,3.0,HARD,48.0,71.0,24
8,Austrian Grand Prix,OCO,1.0,MEDIUM,1.0,18.0,18
8,Austrian Grand Prix,OCO,2.0,MEDIUM,19.0,33.0,15
8,Austrian Grand Prix,OCO,3.0,HARD,34.0,69.0,36
8,Austrian Grand Prix,PER,1.0,MEDIUM,1.0,4.0,4
8,Austrian Grand Prix,PIA,1.0,MEDIUM,1.0,19.0,19
8,Austrian Grand Prix,PIA,2.0,HARD,20.0,42.0,23
8,Austrian Grand Prix,PIA,3.0,HARD,43.0,71.0,29
8,Austrian Grand Prix,RUS,1.0,MEDIUM,1.0,19.0,19
8,Austrian Grand Prix,RUS,2.0,HARD,20.0,43.0,24
8,Austrian Grand Prix,RUS,3.0,HARD,44.0,71.0,28
8,Austrian Grand Prix,SAI,1.0,SOFT,1.0,14.0,14
8,Austrian Grand Prix,SAI,2.0,MEDIUM,15.0,24.0,10
8,Austrian Grand Prix,STR,1.0,MEDIUM,1.0,24.0,24
8,Austrian Grand Prix,STR,2.0,SOFT,25.0,45.0,21
8,Austrian Grand Prix,VER,1.0,MEDIUM,1.0,18.0,18
8,Austrian Grand Prix,VER,2.0,HARD,19.0,49.0,31
8,Austrian Grand Prix,VER,3.0,HARD,50.0,71.0,22
9,British Grand Prix,ALB,1.0,MEDIUM,1.0,1.0,1
9,British Grand Prix,ALB,2.0,HARD,2.0,14.0,13
9,British Grand Prix,ALB,3.0,MEDIUM,15.0,23.0,9
9,British Grand Prix,ALB,4.0,SOFT,24.0,35.0,12
9,British Grand Prix,ALB,5.0,SOFT,36.0,40.0,5
9,British Grand Prix,ALB,6.0,SOFT,41.0,43.0,3
9,British Grand Prix,ALO,1.0,MEDIUM,1.0,20.0,20
9,British Grand Prix,ALO,2.0,HARD,21.0,46.0,26
9,British Grand Prix,ALO,3.0,SOFT,47.0,51.0,5
9,British Grand Prix,ANT,1.0,MEDIUM,1.0,35.0,35
9,British Grand Prix,ANT,2.0,HARD,36.0,41.0,6
9,British Grand Prix,ANT,3.0,MEDIUM,42.0,43.0,2
9,British Grand Prix,ANT,4.0,MEDIUM,44.0,52.0,9
9,British Grand Prix,BEA,1.0,MEDIUM,1.0,29.0,29
9,British Grand Prix,BEA,2.0,HARD,30.0,47.0,18
9,British Grand Prix,BEA,3.0,SOFT,48.0,52.0,5
9,British Grand Prix,BOR,1.0,MEDIUM,1.0,26.0,26
9,British Grand Prix,BOR,2.0,HARD,27.0,47.0,21
9,British Grand Prix,BOR,3.0,SOFT,48.0,52.0,5
9,British Grand Prix,BOT,1.0,MEDIUM,1.0,29.0,29
9,British Grand Prix,BOT,2.0,HARD,30.0,46.0,17
9,British Grand Prix,BOT,3.0,SOFT,47.0,52.0,6
9,British Grand Prix,COL,1.0,MEDIUM,1.0,22.0,22
9,British Grand Prix,COL,2.0,HARD,23.0,47.0,25
9,British Grand Prix,COL,3.0,SOFT,48.0,52.0,5
9,British Grand Prix,GAS,1.0,MEDIUM,1.0,23.0,23
9,British Grand Prix,GAS,2.0,HARD,24.0,48.0,25
9,British Grand Prix,GAS,3.0,SOFT,49.0,52.0,4
9,British Grand Prix,HAD,1.0,MEDIUM,1.0,19.0,19
9,British Grand Prix,HAD,2.0,HARD,20.0,38.0,19
9,British Grand Prix,HAD,3.0,MEDIUM,39.0,47.0,9
9,British Grand Prix,HAD,4.0,SOFT,48.0,52.0,5
9,British Grand Prix,HAM,1.0,MEDIUM,1.0,23.0,23
9,British Grand Prix,HAM,2.0,HARD,24.0,48.0,25
9,British Grand Prix,HAM,3.0,SOFT,49.0,52.0,4
9,British Grand Prix,HUL,1.0,MEDIUM,1.0,17.0,17
9,British Grand Prix,HUL,2.0,HARD,18.0,34.0,17
9,British Grand Prix,HUL,3.0,SOFT,35.0,37.0,3
9,British Grand Prix,LAW,1.0,MEDIUM,1.0,28.0,28
9,British Grand Prix,LAW,2.0,HARD,29.0,47.0,19
9,British Grand Prix,LAW,3.0,SOFT,48.0,52.0,5
9,British Grand Prix,LEC,1.0,MEDIUM,1.0,25.0,25
9,British Grand Prix,LEC,2.0,HARD,26.0,48.0,23
9,British Grand Prix,LEC,3.0,SOFT,49.0,52.0,4
9,British Grand Prix,LIN,1.0,MEDIUM,1.0,27.0,27
9,British Grand Prix,LIN,2.0,HARD,28.0,47.0,20
9,British Grand Prix,LIN,3.0,SOFT,48.0,52.0,5
9,British Grand Prix,NOR,1.0,MEDIUM,1.0,28.0,28
9,British Grand Prix,NOR,2.0,HARD,29.0,38.0,10
9,British Grand Prix,NOR,3.0,MEDIUM,39.0,48.0,10
9,British Grand Prix,NOR,4.0,SOFT,49.0,52.0,4
9,British Grand Prix,OCO,1.0,MEDIUM,1.0,21.0,21
9,British Grand Prix,OCO,2.0,HARD,22.0,47.0,26
9,British Grand Prix,OCO,3.0,SOFT,48.0,52.0,5
9,British Grand Prix,PER,1.0,MEDIUM,1.0,21.0,21
9,British Grand Prix,PER,2.0,HARD,22.0,46.0,25
9,British Grand Prix,PER,3.0,SOFT,47.0,52.0,6
9,British Grand Prix,PIA,1.0,MEDIUM,1.0,2.0,2
9,British Grand Prix,PIA,2.0,HARD,3.0,36.0,34
9,British Grand Prix,PIA,3.0,MEDIUM,37.0,47.0,11
9,British Grand Prix,PIA,4.0,SOFT,48.0,52.0,5
9,British Grand Prix,RUS,1.0,MEDIUM,1.0,23.0,23
9,British Grand Prix,RUS,2.0,HARD,24.0,34.0,11
9,British Grand Prix,RUS,3.0,MEDIUM,35.0,52.0,18
9,British Grand Prix,SAI,1.0,MEDIUM,1.0,20.0,20
9,British Grand Prix,SAI,2.0,HARD,21.0,48.0,28
9,British Grand Prix,SAI,3.0,SOFT,49.0,52.0,4
9,British Grand Prix,STR,1.0,MEDIUM,1.0,18.0,18
9,British Grand Prix,STR,2.0,HARD,19.0,46.0,28
9,British Grand Prix,STR,3.0,SOFT,47.0,51.0,5
9,British Grand Prix,VER,1.0,MEDIUM,1.0,17.0,17
9,British Grand Prix,VER,2.0,HARD,18.0,38.0,21
9,British Grand Prix,VER,3.0,MEDIUM,39.0,47.0,9
10,Belgian Grand Prix,ALB,1.0,MEDIUM,1.0,18.0,18
10,Belgian Grand Prix,ALB,2.0,HARD,19.0,44.0,26
10,Belgian Grand Prix,ALO,1.0,HARD,1.0,19.0,19
10,Belgian Grand Prix,ALO,2.0,SOFT,20.0,31.0,12
10,Belgian Grand Prix,ALO,3.0,HARD,32.0,42.0,11
10,Belgian Grand Prix,ANT,1.0,MEDIUM,1.0,18.0,18
10,Belgian Grand Prix,ANT,2.0,SOFT,19.0,44.0,26
10,Belgian Grand Prix,BEA,1.0,MEDIUM,1.0,1.0,1
10,Belgian Grand Prix,BEA,2.0,HARD,2.0,20.0,19
10,Belgian Grand Prix,BEA,3.0,HARD,21.0,44.0,24
10,Belgian Grand Prix,BOR,1.0,MEDIUM,1.0,20.0,20
10,Belgian Grand Prix,BOR,2.0,HARD,21.0,44.0,24
10,Belgian Grand Prix,BOT,1.0,SOFT,1.0,1.0,1
10,Belgian Grand Prix,BOT,2.0,HARD,2.0,32.0,31
10,Belgian Grand Prix,BOT,3.0,SOFT,33.0,43.0,11
10,Belgian Grand Prix,COL,1.0,MEDIUM,1.0,15.0,15
10,Belgian Grand Prix,COL,2.0,HARD,16.0,44.0,29
10,Belgian Grand Prix,GAS,1.0,MEDIUM,1.0,14.0,14
10,Belgian Grand Prix,GAS,2.0,HARD,15.0,44.0,30
10,Belgian Grand Prix,HAD,1.0,HARD,1.0,1.0,1
10,Belgian Grand Prix,HAD,2.0,MEDIUM,2.0,2.0,1
10,Belgian Grand Prix,HAD,3.0,HARD,3.0,20.0,18
10,Belgian Grand Prix,HAD,4.0,HARD,21.0,44.0,24
10,Belgian Grand Prix,HAM,1.0,MEDIUM,1.0,20.0,20
10,Belgian Grand Prix,HAM,2.0,HARD,21.0,44.0,24
10,Belgian Grand Prix,HUL,1.0,MEDIUM,1.0,20.0,20
10,Belgian Grand Prix,HUL,2.0,HARD,21.0,44.0,24
10,Belgian Grand Prix,LAW,1.0,MEDIUM,1.0,15.0,15
10,Belgian Grand Prix,LAW,2.0,HARD,16.0,44.0,29
10,Belgian Grand Prix,LEC,1.0,MEDIUM,1.0,20.0,20
10,Belgian Grand Prix,LEC,2.0,HARD,21.0,44.0,24
10,Belgian Grand Prix,LIN,1.0,MEDIUM,1.0,16.0,16
10,Belgian Grand Prix,LIN,2.0,HARD,17.0,44.0,28
10,Belgian Grand Prix,NOR,1.0,HARD,1.0,30.0,30
10,Belgian Grand Prix,NOR,2.0,MEDIUM,31.0,44.0,14
10,Belgian Grand Prix,OCO,1.0,MEDIUM,1.0,1.0,1
10,Belgian Grand Prix,OCO,2.0,HARD,2.0,16.0,15
10,Belgian Grand Prix,OCO,3.0,HARD,17.0,44.0,28
10,Belgian Grand Prix,PER,1.0,HARD,1.0,1.0,1
10,Belgian Grand Prix,PER,2.0,SOFT,2.0,12.0,11
10,Belgian Grand Prix,PER,3.0,HARD,13.0,13.0,1
10,Belgian Grand Prix,PIA,1.0,MEDIUM,1.0,20.0,20
10,Belgian Grand Prix,PIA,2.0,HARD,21.0,44.0,24
10,Belgian Grand Prix,RUS,1.0,MEDIUM,1.0,1.0,1
10,Belgian Grand Prix,SAI,1.0,SOFT,1.0,14.0,14
10,Belgian Grand Prix,SAI,2.0,HARD,15.0,44.0,30
10,Belgian Grand Prix,STR,1.0,HARD,1.0,17.0,17
10,Belgian Grand Prix,STR,2.0,SOFT,18.0,25.0,8
10,Belgian Grand Prix,VER,1.0,MEDIUM,1.0,17.0,17
10,Belgian Grand Prix,VER,2.0,HARD,18.0,44.0,27
11,Hungarian Grand Prix,ALB,1.0,MEDIUM,1.0,26.0,26
11,Hungarian Grand Prix,ALB,2.0,HARD,27.0,54.0,28
11,Hungarian Grand Prix,ALB,3.0,SOFT,55.0,68.0,14
11,Hungarian Grand Prix,ALO,1.0,SOFT,1.0,34.0,34
11,Hungarian Grand Prix,ALO,2.0,MEDIUM,35.0,55.0,21
11,Hungarian Grand Prix,ALO,3.0,SOFT,56.0,69.0,14
11,Hungarian Grand Prix,ANT,1.0,MEDIUM,1.0,22.0,22
11,Hungarian Grand Prix,ANT,2.0,HARD,23.0,53.0,31
11,Hungarian Grand Prix,ANT,3.0,HARD,54.0,70.0,17
11,Hungarian Grand Prix,BEA,1.0,MEDIUM,1.0,22.0,22
11,Hungarian Grand Prix,BEA,2.0,HARD,23.0,42.0,20
11,Hungarian Grand Prix,BEA,3.0,HARD,43.0,68.0,26
11,Hungarian Grand Prix,BOR,1.0,SOFT,1.0,29.0,29
11,Hungarian Grand Prix,BOR,2.0,HARD,30.0,69.0,40
11,Hungarian Grand Prix,BOT,1.0,MEDIUM,1.0,14.0,14
11,Hungarian Grand Prix,COL,1.0,MEDIUM,1.0,15.0,15
11,Hungarian Grand Prix,COL,2.0,HARD,16.0,37.0,22
11,Hungarian Grand Prix,COL,3.0,HARD,38.0,68.0,31
11,Hungarian Grand Prix,GAS,1.0,MEDIUM,1.0,16.0,16
11,Hungarian Grand Prix,GAS,2.0,HARD,17.0,39.0,23
11,Hungarian Grand Prix,GAS,3.0,HARD,40.0,55.0,16
11,Hungarian Grand Prix,GAS,4.0,SOFT,56.0,69.0,14
11,Hungarian Grand Prix,HAD,1.0,MEDIUM,1.0,19.0,19
11,Hungarian Grand Prix,HAD,2.0,HARD,20.0,42.0,23
11,Hungarian Grand Prix,HAD,3.0,HARD,43.0,70.0,28
11,Hungarian Grand Prix,HAM,1.0,SOFT,1.0,13.0,13
11,Hungarian Grand Prix,HAM,2.0,HARD,14.0,30.0,17
11,Hungarian Grand Prix,HAM,3.0,HARD,31.0,56.0,26
11,Hungarian Grand Prix,HAM,4.0,SOFT,57.0,70.0,14
11,Hungarian Grand Prix,HUL,1.0,MEDIUM,1.0,19.0,19
11,Hungarian Grand Prix,HUL,2.0,HARD,20.0,39.0,20
11,Hungarian Grand Prix,HUL,3.0,SOFT,40.0,69.0,30
11,Hungarian Grand Prix,LAW,1.0,MEDIUM,1.0,21.0,21
11,Hungarian Grand Prix,LAW,2.0,HARD,22.0,42.0,21
11,Hungarian Grand Prix,LAW,3.0,SOFT,43.0,69.0,27
11,Hungarian Grand Prix,LEC,1.0,SOFT,1.0,16.0,16
11,Hungarian Grand Prix,LEC,2.0,HARD,17.0,36.0,20
11,Hungarian Grand Prix,LEC,3.0,HARD,37.0,56.0,20
11,Hungarian Grand Prix,LEC,4.0,SOFT,57.0,70.0,14
11,Hungarian Grand Prix,LIN,1.0,MEDIUM,1.0,20.0,20
11,Hungarian Grand Prix,LIN,2.0,HARD,21.0,69.0,49
11,Hungarian Grand Prix,NOR,1.0,MEDIUM,1.0,17.0,17
11,Hungarian Grand Prix,NOR,2.0,HARD,18.0,39.0,22
11,Hungarian Grand Prix,NOR,3.0,HARD,40.0,56.0,17
11,Hungarian Grand Prix,NOR,4.0,SOFT,57.0,70.0,14
11,Hungarian Grand Prix,OCO,1.0,MEDIUM,1.0,17.0,17
11,Hungarian Grand Prix,OCO,2.0,HARD,18.0,35.0,18
11,Hungarian Grand Prix,OCO,3.0,HARD,36.0,68.0,33
11,Hungarian Grand Prix,PER,1.0,MEDIUM,1.0,21.0,21
11,Hungarian Grand Prix,PER,2.0,None,22.0,46.0,25
11,Hungarian Grand Prix,PER,3.0,SOFT,47.0,48.0,2
11,Hungarian Grand Prix,PIA,1.0,MEDIUM,1.0,16.0,16
11,Hungarian Grand Prix,PIA,2.0,HARD,17.0,33.0,17
11,Hungarian Grand Prix,PIA,3.0,HARD,34.0,56.0,23
11,Hungarian Grand Prix,RUS,1.0,MEDIUM,1.0,27.0,27
11,Hungarian Grand Prix,RUS,2.0,HARD,28.0,54.0,27
11,Hungarian Grand Prix,RUS,3.0,HARD,55.0,70.0,16
11,Hungarian Grand Prix,SAI,1.0,SOFT,1.0,18.0,18
11,Hungarian Grand Prix,SAI,2.0,MEDIUM,19.0,43.0,25
11,Hungarian Grand Prix,SAI,3.0,SOFT,44.0,54.0,11
11,Hungarian Grand Prix,SAI,4.0,SOFT,55.0,68.0,14
11,Hungarian Grand Prix,STR,1.0,SOFT,1.0,8.0,8
11,Hungarian Grand Prix,STR,2.0,MEDIUM,9.0,37.0,29
11,Hungarian Grand Prix,STR,3.0,SOFT,38.0,69.0,32
11,Hungarian Grand Prix,VER,1.0,MEDIUM,1.0,14.0,14
11,Hungarian Grand Prix,VER,2.0,HARD,15.0,41.0,27
11,Hungarian Grand Prix,VER,3.0,SOFT,42.0,70.0,29
